t,Simulation,R,L,Parameters,$x$,$y$
0.0,0,0.0325,0.14,"R = 0.0325, L = 0.14",-4.0,4.0
0.01,0,0.0325,0.14,"R = 0.0325, L = 0.14",-3.98876690864563,4.0
0.02,0,0.0325,0.14,"R = 0.0325, L = 0.14",-3.9775426387786865,3.9995572566986084
0.03,0,0.0325,0.14,"R = 0.0325, L = 0.14",-3.9663445949554443,3.9986722469329834
0.04,0,0.0325,0.14,"R = 0.0325, L = 0.14",-3.9551901817321777,3.9973466396331787
0.05,0,0.0325,0.14,"R = 0.0325, L = 0.14",-3.944096565246582,3.995582342147827
0.06,0,0.0325,0.14,"R = 0.0325, L = 0.14",-3.9330811500549316,3.993381977081299
0.07,0,0.0325,0.14,"R = 0.0325, L = 0.14",-3.922161102294922,3.9907491207122803
0.08,0,0.0325,0.14,"R = 0.0325, L = 0.14",-3.911353349685669,3.987687826156616
0.09,0,0.0325,0.14,"R = 0.0325, L = 0.14",-3.90067458152771,3.9842028617858887
0.1,0,0.0325,0.14,"R = 0.0325, L = 0.14",-3.890141487121582,3.980299711227417
0.11,0,0.0325,0.14,"R = 0.0325, L = 0.14",-3.875264883041382,3.974109411239624
0.12,0,0.0325,0.14,"R = 0.0325, L = 0.14",-3.8604938983917236,3.9676713943481445
0.13,0,0.0325,0.14,"R = 0.0325, L = 0.14",-3.845832586288452,3.9609875679016113
0.14,0,0.0325,0.14,"R = 0.0325, L = 0.14",-3.831284999847412,3.954059600830078
0.15,0,0.0325,0.14,"R = 0.0325, L = 0.14",-3.8168551921844482,3.946889638900757
0.16,0,0.0325,0.14,"R = 0.0325, L = 0.14",-3.8025472164154053,3.9394795894622803
0.17,0,0.0325,0.14,"R = 0.0325, L = 0.14",-3.788364887237549,3.9318313598632812
0.18,0,0.0325,0.14,"R = 0.0325, L = 0.14",-3.7743124961853027,3.923947334289551
0.19,0,0.0325,0.14,"R = 0.0325, L = 0.14",-3.7603938579559326,3.915829658508301
0.2,0,0.0325,0.14,"R = 0.0325, L = 0.14",-3.746612787246704,3.907480478286743
0.21,0,0.0325,0.14,"R = 0.0325, L = 0.14",-3.7307190895080566,3.897484540939331
0.22,0,0.0325,0.14,"R = 0.0325, L = 0.14",-3.714890956878662,3.8873848915100098
0.23,0,0.0325,0.14,"R = 0.0325, L = 0.14",-3.699129343032837,3.8771817684173584
0.24,0,0.0325,0.14,"R = 0.0325, L = 0.14",-3.6834347248077393,3.8668758869171143
0.25,0,0.0325,0.14,"R = 0.0325, L = 0.14",-3.6678078174591064,3.8564674854278564
0.26,0,0.0325,0.14,"R = 0.0325, L = 0.14",-3.652249336242676,3.8459572792053223
0.27,0,0.0325,0.14,"R = 0.0325, L = 0.14",-3.6367599964141846,3.835345506668091
0.28,0,0.0325,0.14,"R = 0.0325, L = 0.14",-3.62134051322937,3.8246326446533203
0.29,0,0.0325,0.14,"R = 0.0325, L = 0.14",-3.6059913635253906,3.813819169998169
0.3,0,0.0325,0.14,"R = 0.0325, L = 0.14",-3.5907132625579834,3.802905321121216
0.31,0,0.0325,0.14,"R = 0.0325, L = 0.14",-3.5745153427124023,3.7911736965179443
0.32,0,0.0325,0.14,"R = 0.0325, L = 0.14",-3.5583531856536865,3.779393196105957
0.33,0,0.0325,0.14,"R = 0.0325, L = 0.14",-3.542226791381836,3.767563581466675
0.34,0,0.0325,0.14,"R = 0.0325, L = 0.14",-3.5261361598968506,3.755685329437256
0.35000000000000003,0,0.0325,0.14,"R = 0.0325, L = 0.14",-3.5100817680358887,3.743758201599121
0.36,0,0.0325,0.14,"R = 0.0325, L = 0.14",-3.49406361579895,3.7317826747894287
0.37,0,0.0325,0.14,"R = 0.0325, L = 0.14",-3.478081703186035,3.7197585105895996
0.38,0,0.0325,0.14,"R = 0.0325, L = 0.14",-3.4621362686157227,3.707685947418213
0.39,0,0.0325,0.14,"R = 0.0325, L = 0.14",-3.446227550506592,3.6955652236938477
0.4,0,0.0325,0.14,"R = 0.0325, L = 0.14",-3.4303555488586426,3.683396339416504
0.41000000000000003,0,0.0325,0.14,"R = 0.0325, L = 0.14",-3.414520502090454,3.6711792945861816
0.42,0,0.0325,0.14,"R = 0.0325, L = 0.14",-3.3987035751342773,3.6589388847351074
0.43,0,0.0325,0.14,"R = 0.0325, L = 0.14",-3.3829047679901123,3.6466751098632812
0.44,0,0.0325,0.14,"R = 0.0325, L = 0.14",-3.367124080657959,3.6343882083892822
0.45,0,0.0325,0.14,"R = 0.0325, L = 0.14",-3.3513615131378174,3.6220779418945312
0.46,0,0.0325,0.14,"R = 0.0325, L = 0.14",-3.3356173038482666,3.6097443103790283
0.47000000000000003,0,0.0325,0.14,"R = 0.0325, L = 0.14",-3.3198912143707275,3.5973875522613525
0.48,0,0.0325,0.14,"R = 0.0325, L = 0.14",-3.3041834831237793,3.585007429122925
0.49,0,0.0325,0.14,"R = 0.0325, L = 0.14",-3.288494110107422,3.572604179382324
0.5,0,0.0325,0.14,"R = 0.0325, L = 0.14",-3.272822856903076,3.560177803039551
0.51,0,0.0325,0.14,"R = 0.0325, L = 0.14",-3.2571702003479004,3.5477283000946045
0.52,0,0.0325,0.14,"R = 0.0325, L = 0.14",-3.241529941558838,3.5352630615234375
0.53,0,0.0325,0.14,"R = 0.0325, L = 0.14",-3.2259023189544678,3.52278208732605
0.54,0,0.0325,0.14,"R = 0.0325, L = 0.14",-3.210287094116211,3.5102853775024414
0.55,0,0.0325,0.14,"R = 0.0325, L = 0.14",-3.1946845054626465,3.4977729320526123
0.56,0,0.0325,0.14,"R = 0.0325, L = 0.14",-3.1790945529937744,3.4852447509765625
0.5700000000000001,0,0.0325,0.14,"R = 0.0325, L = 0.14",-3.1635172367095947,3.472701072692871
0.58,0,0.0325,0.14,"R = 0.0325, L = 0.14",-3.1479525566101074,3.460141658782959
0.59,0,0.0325,0.14,"R = 0.0325, L = 0.14",-3.1324005126953125,3.447566509246826
0.6,0,0.0325,0.14,"R = 0.0325, L = 0.14",-3.11686110496521,3.4349758625030518
0.61,0,0.0325,0.14,"R = 0.0325, L = 0.14",-3.1013343334198,3.4223694801330566
0.62,0,0.0325,0.14,"R = 0.0325, L = 0.14",-3.085819721221924,3.4097483158111572
0.63,0,0.0325,0.14,"R = 0.0325, L = 0.14",-3.070317029953003,3.3971123695373535
0.64,0,0.0325,0.14,"R = 0.0325, L = 0.14",-3.054826498031616,3.3844616413116455
0.65,0,0.0325,0.14,"R = 0.0325, L = 0.14",-3.0393481254577637,3.371795892715454
0.66,0,0.0325,0.14,"R = 0.0325, L = 0.14",-3.0238819122314453,3.3591153621673584
0.67,0,0.0325,0.14,"R = 0.0325, L = 0.14",-3.008427858352661,3.3464200496673584
0.68,0,0.0325,0.14,"R = 0.0325, L = 0.14",-2.992985963821411,3.333709955215454
0.6900000000000001,0,0.0325,0.14,"R = 0.0325, L = 0.14",-2.9775562286376953,3.3209850788116455
0.7000000000000001,0,0.0325,0.14,"R = 0.0325, L = 0.14",-2.9621386528015137,3.3082454204559326
0.71,0,0.0325,0.14,"R = 0.0325, L = 0.14",-2.946733236312866,3.2954909801483154
0.72,0,0.0325,0.14,"R = 0.0325, L = 0.14",-2.9313414096832275,3.2827200889587402
0.73,0,0.0325,0.14,"R = 0.0325, L = 0.14",-2.9159631729125977,3.269932985305786
0.74,0,0.0325,0.14,"R = 0.0325, L = 0.14",-2.9005987644195557,3.257129430770874
0.75,0,0.0325,0.14,"R = 0.0325, L = 0.14",-2.8852479457855225,3.244309425354004
0.76,0,0.0325,0.14,"R = 0.0325, L = 0.14",-2.869910717010498,3.231473207473755
0.77,0,0.0325,0.14,"R = 0.0325, L = 0.14",-2.8545870780944824,3.218620538711548
0.78,0,0.0325,0.14,"R = 0.0325, L = 0.14",-2.8392772674560547,3.205751657485962
0.79,0,0.0325,0.14,"R = 0.0325, L = 0.14",-2.8239810466766357,3.192866325378418
0.8,0,0.0325,0.14,"R = 0.0325, L = 0.14",-2.8086986541748047,3.179964780807495
0.81,0,0.0325,0.14,"R = 0.0325, L = 0.14",-2.7934300899505615,3.1670470237731934
0.8200000000000001,0,0.0325,0.14,"R = 0.0325, L = 0.14",-2.7781753540039062,3.1541130542755127
0.8300000000000001,0,0.0325,0.14,"R = 0.0325, L = 0.14",-2.762934446334839,3.141162633895874
0.84,0,0.0325,0.14,"R = 0.0325, L = 0.14",-2.7477073669433594,3.1281960010528564
0.85,0,0.0325,0.14,"R = 0.0325, L = 0.14",-2.7324941158294678,3.11521315574646
0.86,0,0.0325,0.14,"R = 0.0325, L = 0.14",-2.717294692993164,3.1022140979766846
0.87,0,0.0325,0.14,"R = 0.0325, L = 0.14",-2.7021090984344482,3.0891988277435303
0.88,0,0.0325,0.14,"R = 0.0325, L = 0.14",-2.6869375705718994,3.076167345046997
0.89,0,0.0325,0.14,"R = 0.0325, L = 0.14",-2.6717798709869385,3.063119649887085
0.9,0,0.0325,0.14,"R = 0.0325, L = 0.14",-2.6566362380981445,3.050055742263794
0.91,0,0.0325,0.14,"R = 0.0325, L = 0.14",-2.6415064334869385,3.036975622177124
0.92,0,0.0325,0.14,"R = 0.0325, L = 0.14",-2.6263880729675293,3.0238823890686035
0.93,0,0.0325,0.14,"R = 0.0325, L = 0.14",-2.611281156539917,3.0107758045196533
0.9400000000000001,0,0.0325,0.14,"R = 0.0325, L = 0.14",-2.5961856842041016,2.9976561069488525
0.9500000000000001,0,0.0325,0.14,"R = 0.0325, L = 0.14",-2.581101655960083,2.984523296356201
0.96,0,0.0325,0.14,"R = 0.0325, L = 0.14",-2.5660290718078613,2.97137713432312
0.97,0,0.0325,0.14,"R = 0.0325, L = 0.14",-2.5509679317474365,2.9582178592681885
0.98,0,0.0325,0.14,"R = 0.0325, L = 0.14",-2.5359184741973877,2.9450454711914062
0.99,0,0.0325,0.14,"R = 0.0325, L = 0.14",-2.5208804607391357,2.9318599700927734
1.0,0,0.0325,0.14,"R = 0.0325, L = 0.14",-2.5058538913726807,2.91866135597229
1.01,0,0.0325,0.14,"R = 0.0325, L = 0.14",-2.4908390045166016,2.905449628829956
1.02,0,0.0325,0.14,"R = 0.0325, L = 0.14",-2.4757864475250244,2.8922808170318604
1.03,0,0.0325,0.14,"R = 0.0325, L = 0.14",-2.4606964588165283,2.879154682159424
1.04,0,0.0325,0.14,"R = 0.0325, L = 0.14",-2.4455692768096924,2.8660717010498047
1.05,0,0.0325,0.14,"R = 0.0325, L = 0.14",-2.4304049015045166,2.853031873703003
1.06,0,0.0325,0.14,"R = 0.0325, L = 0.14",-2.415203332901001,2.8400352001190186
1.07,0,0.0325,0.14,"R = 0.0325, L = 0.14",-2.3999648094177246,2.8270819187164307
1.08,0,0.0325,0.14,"R = 0.0325, L = 0.14",-2.3846895694732666,2.8141720294952393
1.09,0,0.0325,0.14,"R = 0.0325, L = 0.14",-2.369377613067627,2.8013057708740234
1.1,0,0.0325,0.14,"R = 0.0325, L = 0.14",-2.3540291786193848,2.788483142852783
1.11,0,0.0325,0.14,"R = 0.0325, L = 0.14",-2.33864426612854,2.7757041454315186
1.12,0,0.0325,0.14,"R = 0.0325, L = 0.14",-2.3232271671295166,2.7629640102386475
1.1300000000000001,0,0.0325,0.14,"R = 0.0325, L = 0.14",-2.3077778816223145,2.75026273727417
1.1400000000000001,0,0.0325,0.14,"R = 0.0325, L = 0.14",-2.2922966480255127,2.737600564956665
1.1500000000000001,0,0.0325,0.14,"R = 0.0325, L = 0.14",-2.2767837047576904,2.7249772548675537
1.16,0,0.0325,0.14,"R = 0.0325, L = 0.14",-2.2612388134002686,2.712393283843994
1.17,0,0.0325,0.14,"R = 0.0325, L = 0.14",-2.2456624507904053,2.6998484134674072
1.18,0,0.0325,0.14,"R = 0.0325, L = 0.14",-2.2300543785095215,2.687342882156372
1.19,0,0.0325,0.14,"R = 0.0325, L = 0.14",-2.2144148349761963,2.6748766899108887
1.2,0,0.0325,0.14,"R = 0.0325, L = 0.14",-2.198744058609009,2.662449836730957
1.21,0,0.0325,0.14,"R = 0.0325, L = 0.14",-2.18304181098938,2.6500625610351562
1.22,0,0.0325,0.14,"R = 0.0325, L = 0.14",-2.167370319366455,2.637636423110962
1.23,0,0.0325,0.14,"R = 0.0325, L = 0.14",-2.1517298221588135,2.625171661376953
1.24,0,0.0325,0.14,"R = 0.0325, L = 0.14",-2.136120080947876,2.61266827583313
1.25,0,0.0325,0.14,"R = 0.0325, L = 0.14",-2.1205413341522217,2.600126266479492
1.26,0,0.0325,0.14,"R = 0.0325, L = 0.14",-2.1049938201904297,2.58754563331604
1.27,0,0.0325,0.14,"R = 0.0325, L = 0.14",-2.089477300643921,2.5749266147613525
1.28,0,0.0325,0.14,"R = 0.0325, L = 0.14",-2.0739922523498535,2.5622692108154297
1.29,0,0.0325,0.14,"R = 0.0325, L = 0.14",-2.0585384368896484,2.5495734214782715
1.3,0,0.0325,0.14,"R = 0.0325, L = 0.14",-2.0431160926818848,2.536839485168457
1.31,0,0.0325,0.14,"R = 0.0325, L = 0.14",-2.0277254581451416,2.5240674018859863
1.32,0,0.0325,0.14,"R = 0.0325, L = 0.14",-2.012361764907837,2.5112626552581787
1.33,0,0.0325,0.14,"R = 0.0325, L = 0.14",-1.9970252513885498,2.4984254837036133
1.34,0,0.0325,0.14,"R = 0.0325, L = 0.14",-1.9817160367965698,2.48555588722229
1.35,0,0.0325,0.14,"R = 0.0325, L = 0.14",-1.966434121131897,2.472653865814209
1.36,0,0.0325,0.14,"R = 0.0325, L = 0.14",-1.9511795043945312,2.45971941947937
1.37,0,0.0325,0.14,"R = 0.0325, L = 0.14",-1.9359523057937622,2.4467527866363525
1.3800000000000001,0,0.0325,0.14,"R = 0.0325, L = 0.14",-1.9207526445388794,2.4337539672851562
1.3900000000000001,0,0.0325,0.14,"R = 0.0325, L = 0.14",-1.9055805206298828,2.4207229614257812
1.4000000000000001,0,0.0325,0.14,"R = 0.0325, L = 0.14",-1.890436053276062,2.4076597690582275
1.41,0,0.0325,0.14,"R = 0.0325, L = 0.14",-1.875319242477417,2.394564628601074
1.42,0,0.0325,0.14,"R = 0.0325, L = 0.14",-1.8602310419082642,2.381436586380005
1.43,0,0.0325,0.14,"R = 0.0325, L = 0.14",-1.8451714515686035,2.3682756423950195
1.44,0,0.0325,0.14,"R = 0.0325, L = 0.14",-1.8301405906677246,2.3550820350646973
1.45,0,0.0325,0.14,"R = 0.0325, L = 0.14",-1.8151384592056274,2.341855764389038
1.46,0,0.0325,0.14,"R = 0.0325, L = 0.14",-1.8001651763916016,2.328596830368042
1.47,0,0.0325,0.14,"R = 0.0325, L = 0.14",-1.7852208614349365,2.315305233001709
1.48,0,0.0325,0.14,"R = 0.0325, L = 0.14",-1.7703055143356323,2.301981210708618
1.49,0,0.0325,0.14,"R = 0.0325, L = 0.14",-1.7554192543029785,2.2886245250701904
1.5,0,0.0325,0.14,"R = 0.0325, L = 0.14",-1.740562081336975,2.275235652923584
1.51,0,0.0325,0.14,"R = 0.0325, L = 0.14",-1.7257341146469116,2.2618143558502197
1.52,0,0.0325,0.14,"R = 0.0325, L = 0.14",-1.7109159231185913,2.248382091522217
1.53,0,0.0325,0.14,"R = 0.0325, L = 0.14",-1.6961076259613037,2.2349390983581543
1.54,0,0.0325,0.14,"R = 0.0325, L = 0.14",-1.6813091039657593,2.2214853763580322
1.55,0,0.0325,0.14,"R = 0.0325, L = 0.14",-1.6665204763412476,2.2080206871032715
1.56,0,0.0325,0.14,"R = 0.0325, L = 0.14",-1.651741623878479,2.194545269012451
1.57,0,0.0325,0.14,"R = 0.0325, L = 0.14",-1.6369726657867432,2.1810591220855713
1.58,0,0.0325,0.14,"R = 0.0325, L = 0.14",-1.6222134828567505,2.167562246322632
1.59,0,0.0325,0.14,"R = 0.0325, L = 0.14",-1.6074641942977905,2.1540544033050537
1.6,0,0.0325,0.14,"R = 0.0325, L = 0.14",-1.5927248001098633,2.140535831451416
1.61,0,0.0325,0.14,"R = 0.0325, L = 0.14",-1.5796053409576416,2.1284854412078857
1.62,0,0.0325,0.14,"R = 0.0325, L = 0.14",-1.5664787292480469,2.1164426803588867
1.6300000000000001,0,0.0325,0.14,"R = 0.0325, L = 0.14",-1.553344964981079,2.104407787322998
1.6400000000000001,0,0.0325,0.14,"R = 0.0325, L = 0.14",-1.5402040481567383,2.0923807621002197
1.6500000000000001,0,0.0325,0.14,"R = 0.0325, L = 0.14",-1.5270559787750244,2.0803613662719727
1.6600000000000001,0,0.0325,0.14,"R = 0.0325, L = 0.14",-1.5139007568359375,2.068349838256836
1.67,0,0.0325,0.14,"R = 0.0325, L = 0.14",-1.500738501548767,2.0563461780548096
1.68,0,0.0325,0.14,"R = 0.0325, L = 0.14",-1.4875690937042236,2.0443503856658936
1.69,0,0.0325,0.14,"R = 0.0325, L = 0.14",-1.4743925333023071,2.032362222671509
1.7,0,0.0325,0.14,"R = 0.0325, L = 0.14",-1.4612089395523071,2.0203819274902344
1.71,0,0.0325,0.14,"R = 0.0325, L = 0.14",-1.4498982429504395,2.0101158618927
1.72,0,0.0325,0.14,"R = 0.0325, L = 0.14",-1.4385687112808228,1.9998705387115479
1.73,0,0.0325,0.14,"R = 0.0325, L = 0.14",-1.4272204637527466,1.9896459579467773
1.74,0,0.0325,0.14,"R = 0.0325, L = 0.14",-1.415853500366211,1.9794422388076782
1.75,0,0.0325,0.14,"R = 0.0325, L = 0.14",-1.4044678211212158,1.9692593812942505
1.76,0,0.0325,0.14,"R = 0.0325, L = 0.14",-1.3930634260177612,1.9590973854064941
1.77,0,0.0325,0.14,"R = 0.0325, L = 0.14",-1.3816404342651367,1.9489562511444092
1.78,0,0.0325,0.14,"R = 0.0325, L = 0.14",-1.3701989650726318,1.9388360977172852
1.79,0,0.0325,0.14,"R = 0.0325, L = 0.14",-1.358738899230957,1.928736925125122
1.8,0,0.0325,0.14,"R = 0.0325, L = 0.14",-1.3472603559494019,1.91865873336792
1.81,0,0.0325,0.14,"R = 0.0325, L = 0.14",-1.337769865989685,1.910356879234314
1.82,0,0.0325,0.14,"R = 0.0325, L = 0.14",-1.328285574913025,1.9020479917526245
1.83,0,0.0325,0.14,"R = 0.0325, L = 0.14",-1.3188073635101318,1.8937320709228516
1.84,0,0.0325,0.14,"R = 0.0325, L = 0.14",-1.3093352317810059,1.8854092359542847
1.85,0,0.0325,0.14,"R = 0.0325, L = 0.14",-1.2998692989349365,1.8770793676376343
1.86,0,0.0325,0.14,"R = 0.0325, L = 0.14",-1.2904095649719238,1.86874258518219
1.87,0,0.0325,0.14,"R = 0.0325, L = 0.14",-1.2809559106826782,1.860398769378662
1.8800000000000001,0,0.0325,0.14,"R = 0.0325, L = 0.14",-1.2715084552764893,1.8520480394363403
1.8900000000000001,0,0.0325,0.14,"R = 0.0325, L = 0.14",-1.262067198753357,1.843690276145935
1.9000000000000001,0,0.0325,0.14,"R = 0.0325, L = 0.14",-1.2526320219039917,1.8353255987167358
1.9100000000000001,0,0.0325,0.14,"R = 0.0325, L = 0.14",-1.244528889656067,1.8281311988830566
1.92,0,0.0325,0.14,"R = 0.0325, L = 0.14",-1.2364188432693481,1.8209445476531982
1.93,0,0.0325,0.14,"R = 0.0325, L = 0.14",-1.2283018827438354,1.8137657642364502
1.94,0,0.0325,0.14,"R = 0.0325, L = 0.14",-1.2201780080795288,1.8065948486328125
1.95,0,0.0325,0.14,"R = 0.0325, L = 0.14",-1.2120472192764282,1.7994318008422852
1.96,0,0.0325,0.14,"R = 0.0325, L = 0.14",-1.2039095163345337,1.7922766208648682
1.97,0,0.0325,0.14,"R = 0.0325, L = 0.14",-1.1957648992538452,1.7851293087005615
1.98,0,0.0325,0.14,"R = 0.0325, L = 0.14",-1.1876133680343628,1.7779898643493652
1.99,0,0.0325,0.14,"R = 0.0325, L = 0.14",-1.1794549226760864,1.7708582878112793
2.0,0,0.0325,0.14,"R = 0.0325, L = 0.14",-1.1712895631790161,1.7637345790863037
2.0100000000000002,0,0.0325,0.14,"R = 0.0325, L = 0.14",-1.1642283201217651,1.757586121559143
2.02,0,0.0325,0.14,"R = 0.0325, L = 0.14",-1.1571520566940308,1.7514550685882568
2.0300000000000002,0,0.0325,0.14,"R = 0.0325, L = 0.14",-1.150060772895813,1.7453413009643555
2.04,0,0.0325,0.14,"R = 0.0325, L = 0.14",-1.1429544687271118,1.7392449378967285
2.05,0,0.0325,0.14,"R = 0.0325, L = 0.14",-1.1358332633972168,1.733165979385376
2.06,0,0.0325,0.14,"R = 0.0325, L = 0.14",-1.128697156906128,1.7271045446395874
2.07,0,0.0325,0.14,"R = 0.0325, L = 0.14",-1.1215462684631348,1.7210606336593628
2.08,0,0.0325,0.14,"R = 0.0325, L = 0.14",-1.1143805980682373,1.7150342464447021
2.09,0,0.0325,0.14,"R = 0.0325, L = 0.14",-1.1072001457214355,1.709025502204895
2.1,0,0.0325,0.14,"R = 0.0325, L = 0.14",-1.100005030632019,1.7030342817306519
2.11,0,0.0325,0.14,"R = 0.0325, L = 0.14",-1.0937552452087402,1.6978561878204346
2.12,0,0.0325,0.14,"R = 0.0325, L = 0.14",-1.0874874591827393,1.692699909210205
2.13,0,0.0325,0.14,"R = 0.0325, L = 0.14",-1.0812016725540161,1.6875654458999634
2.14,0,0.0325,0.14,"R = 0.0325, L = 0.14",-1.07489812374115,1.682452917098999
2.15,0,0.0325,0.14,"R = 0.0325, L = 0.14",-1.0685768127441406,1.677362322807312
2.16,0,0.0325,0.14,"R = 0.0325, L = 0.14",-1.0622378587722778,1.672293782234192
2.17,0,0.0325,0.14,"R = 0.0325, L = 0.14",-1.0558812618255615,1.6672472953796387
2.18,0,0.0325,0.14,"R = 0.0325, L = 0.14",-1.0495071411132812,1.662222981452942
2.19,0,0.0325,0.14,"R = 0.0325, L = 0.14",-1.043115496635437,1.6572209596633911
2.2,0,0.0325,0.14,"R = 0.0325, L = 0.14",-1.036706566810608,1.6522411108016968
2.21,0,0.0325,0.14,"R = 0.0325, L = 0.14",-1.03110671043396,1.6479212045669556
2.22,0,0.0325,0.14,"R = 0.0325, L = 0.14",-1.0254881381988525,1.6436256170272827
2.23,0,0.0325,0.14,"R = 0.0325, L = 0.14",-1.0198509693145752,1.6393544673919678
2.24,0,0.0325,0.14,"R = 0.0325, L = 0.14",-1.0141953229904175,1.6351077556610107
2.25,0,0.0325,0.14,"R = 0.0325, L = 0.14",-1.008521318435669,1.6308856010437012
2.2600000000000002,0,0.0325,0.14,"R = 0.0325, L = 0.14",-1.0028290748596191,1.6266881227493286
2.27,0,0.0325,0.14,"R = 0.0325, L = 0.14",-0.9971186518669128,1.6225154399871826
2.2800000000000002,0,0.0325,0.14,"R = 0.0325, L = 0.14",-0.9913901686668396,1.6183675527572632
2.29,0,0.0325,0.14,"R = 0.0325, L = 0.14",-0.985643744468689,1.6142445802688599
2.3000000000000003,0,0.0325,0.14,"R = 0.0325, L = 0.14",-0.9798794984817505,1.6101465225219727
2.31,0,0.0325,0.14,"R = 0.0325, L = 0.14",-0.9717499613761902,1.6044198274612427
2.32,0,0.0325,0.14,"R = 0.0325, L = 0.14",-0.9633309841156006,1.5991277694702148
2.33,0,0.0325,0.14,"R = 0.0325, L = 0.14",-0.9546458125114441,1.594285011291504
2.34,0,0.0325,0.14,"R = 0.0325, L = 0.14",-0.9457184076309204,1.5899049043655396
2.35,0,0.0325,0.14,"R = 0.0325, L = 0.14",-0.936573326587677,1.5859994888305664
2.36,0,0.0325,0.14,"R = 0.0325, L = 0.14",-0.9272358417510986,1.5825796127319336
2.37,0,0.0325,0.14,"R = 0.0325, L = 0.14",-0.9177317023277283,1.579654574394226
2.38,0,0.0325,0.14,"R = 0.0325, L = 0.14",-0.9080871343612671,1.5772324800491333
2.39,0,0.0325,0.14,"R = 0.0325, L = 0.14",-0.8983287215232849,1.5753201246261597
2.4,0,0.0325,0.14,"R = 0.0325, L = 0.14",-0.8884833455085754,1.5739226341247559
2.41,0,0.0325,0.14,"R = 0.0325, L = 0.14",-0.8711980581283569,1.5723892450332642
2.42,0,0.0325,0.14,"R = 0.0325, L = 0.14",-0.8538787364959717,1.5713059902191162
2.43,0,0.0325,0.14,"R = 0.0325, L = 0.14",-0.8365370631217957,1.5706737041473389
2.44,0,0.0325,0.14,"R = 0.0325, L = 0.14",-0.8191848397254944,1.5704927444458008
2.45,0,0.0325,0.14,"R = 0.0325, L = 0.14",-0.8018337488174438,1.5707632303237915
2.46,0,0.0325,0.14,"R = 0.0325, L = 0.14",-0.7844955921173096,1.571484923362732
2.47,0,0.0325,0.14,"R = 0.0325, L = 0.14",-0.7671820521354675,1.5726574659347534
2.48,0,0.0325,0.14,"R = 0.0325, L = 0.14",-0.7499048709869385,1.5742799043655396
2.49,0,0.0325,0.14,"R = 0.0325, L = 0.14",-0.7326757311820984,1.576351284980774
2.5,0,0.0325,0.14,"R = 0.0325, L = 0.14",-0.7155063152313232,1.578870177268982
2.5100000000000002,0,0.0325,0.14,"R = 0.0325, L = 0.14",-0.6964730620384216,1.5821703672409058
2.52,0,0.0325,0.14,"R = 0.0325, L = 0.14",-0.6774846911430359,1.5857195854187012
2.5300000000000002,0,0.0325,0.14,"R = 0.0325, L = 0.14",-0.6585444211959839,1.58951735496521
2.54,0,0.0325,0.14,"R = 0.0325, L = 0.14",-0.6396555304527283,1.5935629606246948
2.5500000000000003,0,0.0325,0.14,"R = 0.0325, L = 0.14",-0.6208212971687317,1.5978556871414185
2.56,0,0.0325,0.14,"R = 0.0325, L = 0.14",-0.6020448803901672,1.6023948192596436
2.57,0,0.0325,0.14,"R = 0.0325, L = 0.14",-0.5833295583724976,1.6071795225143433
2.58,0,0.0325,0.14,"R = 0.0325, L = 0.14",-0.5646785497665405,1.6122090816497803
2.59,0,0.0325,0.14,"R = 0.0325, L = 0.14",-0.5460950136184692,1.6174825429916382
2.6,0,0.0325,0.14,"R = 0.0325, L = 0.14",-0.5275821685791016,1.6229990720748901
2.61,0,0.0325,0.14,"R = 0.0325, L = 0.14",-0.5086526274681091,1.628910779953003
2.62,0,0.0325,0.14,"R = 0.0325, L = 0.14",-0.48976194858551025,1.6349455118179321
2.63,0,0.0325,0.14,"R = 0.0325, L = 0.14",-0.470910906791687,1.641102910041809
2.64,0,0.0325,0.14,"R = 0.0325, L = 0.14",-0.4521002769470215,1.6473827362060547
2.65,0,0.0325,0.14,"R = 0.0325, L = 0.14",-0.4333308935165405,1.6537847518920898
2.66,0,0.0325,0.14,"R = 0.0325, L = 0.14",-0.41460350155830383,1.660308599472046
2.67,0,0.0325,0.14,"R = 0.0325, L = 0.14",-0.39591893553733826,1.6669540405273438
2.68,0,0.0325,0.14,"R = 0.0325, L = 0.14",-0.3772779703140259,1.6737208366394043
2.69,0,0.0325,0.14,"R = 0.0325, L = 0.14",-0.3586813807487488,1.6806086301803589
2.7,0,0.0325,0.14,"R = 0.0325, L = 0.14",-0.3401299715042114,1.6876171827316284
2.71,0,0.0325,0.14,"R = 0.0325, L = 0.14",-0.32150644063949585,1.6947916746139526
2.72,0,0.0325,0.14,"R = 0.0325, L = 0.14",-0.302906334400177,1.7020267248153687
2.73,0,0.0325,0.14,"R = 0.0325, L = 0.14",-0.2843298614025116,1.709322214126587
2.74,0,0.0325,0.14,"R = 0.0325, L = 0.14",-0.26577720046043396,1.7166781425476074
2.75,0,0.0325,0.14,"R = 0.0325, L = 0.14",-0.2472485601902008,1.724094271659851
2.7600000000000002,0,0.0325,0.14,"R = 0.0325, L = 0.14",-0.22874413430690765,1.7315707206726074
2.77,0,0.0325,0.14,"R = 0.0325, L = 0.14",-0.21026411652565002,1.7391072511672974
2.7800000000000002,0,0.0325,0.14,"R = 0.0325, L = 0.14",-0.19180871546268463,1.746703863143921
2.79,0,0.0325,0.14,"R = 0.0325, L = 0.14",-0.1733781099319458,1.7543604373931885
2.8000000000000003,0,0.0325,0.14,"R = 0.0325, L = 0.14",-0.15497250854969025,1.7620768547058105
2.81,0,0.0325,0.14,"R = 0.0325, L = 0.14",-0.1365629881620407,1.7698655128479004
2.82,0,0.0325,0.14,"R = 0.0325, L = 0.14",-0.11816621571779251,1.777684211730957
2.83,0,0.0325,0.14,"R = 0.0325, L = 0.14",-0.09978224337100983,1.7855329513549805
2.84,0,0.0325,0.14,"R = 0.0325, L = 0.14",-0.08141112327575684,1.7934117317199707
2.85,0,0.0325,0.14,"R = 0.0325, L = 0.14",-0.06305290758609772,1.8013205528259277
2.86,0,0.0325,0.14,"R = 0.0325, L = 0.14",-0.04470764100551605,1.809259295463562
2.87,0,0.0325,0.14,"R = 0.0325, L = 0.14",-0.02637537382543087,1.817228078842163
2.88,0,0.0325,0.14,"R = 0.0325, L = 0.14",-0.00805615447461605,1.8252267837524414
2.89,0,0.0325,0.14,"R = 0.0325, L = 0.14",0.010249968618154526,1.833255410194397
2.9,0,0.0325,0.14,"R = 0.0325, L = 0.14",0.02854294516146183,1.8413139581680298
2.91,0,0.0325,0.14,"R = 0.0325, L = 0.14",0.046830058097839355,1.8494056463241577
2.92,0,0.0325,0.14,"R = 0.0325, L = 0.14",0.06511055678129196,1.8575122356414795
2.93,0,0.0325,0.14,"R = 0.0325, L = 0.14",0.0833844318985939,1.8656337261199951
2.94,0,0.0325,0.14,"R = 0.0325, L = 0.14",0.10165167599916458,1.8737701177597046
2.95,0,0.0325,0.14,"R = 0.0325, L = 0.14",0.11991226673126221,1.881921410560608
2.96,0,0.0325,0.14,"R = 0.0325, L = 0.14",0.13816620409488678,1.890087604522705
2.97,0,0.0325,0.14,"R = 0.0325, L = 0.14",0.1564134657382965,1.898268699645996
2.98,0,0.0325,0.14,"R = 0.0325, L = 0.14",0.1746540367603302,1.906464695930481
2.99,0,0.0325,0.14,"R = 0.0325, L = 0.14",0.19288791716098785,1.9146755933761597
3.0,0,0.0325,0.14,"R = 0.0325, L = 0.14",0.21111509203910828,1.9229013919830322
3.0100000000000002,0,0.0325,0.14,"R = 0.0325, L = 0.14",0.22933736443519592,1.9311429262161255
3.02,0,0.0325,0.14,"R = 0.0325, L = 0.14",0.24755628407001495,1.939391851425171
3.0300000000000002,0,0.0325,0.14,"R = 0.0325, L = 0.14",0.26577186584472656,1.9476481676101685
3.04,0,0.0325,0.14,"R = 0.0325, L = 0.14",0.28398406505584717,1.9559118747711182
3.0500000000000003,0,0.0325,0.14,"R = 0.0325, L = 0.14",0.30219289660453796,1.96418297290802
3.06,0,0.0325,0.14,"R = 0.0325, L = 0.14",0.32039836049079895,1.972461462020874
3.0700000000000003,0,0.0325,0.14,"R = 0.0325, L = 0.14",0.3386004567146301,1.9807474613189697
3.08,0,0.0325,0.14,"R = 0.0325, L = 0.14",0.3567991852760315,1.9890408515930176
3.09,0,0.0325,0.14,"R = 0.0325, L = 0.14",0.37499454617500305,1.9973416328430176
3.1,0,0.0325,0.14,"R = 0.0325, L = 0.14",0.3931865394115448,2.0056498050689697
3.11,0,0.0325,0.14,"R = 0.0325, L = 0.14",0.40357741713523865,2.0104002952575684
3.12,0,0.0325,0.14,"R = 0.0325, L = 0.14",0.4141848683357239,2.0146453380584717
3.13,0,0.0325,0.14,"R = 0.0325, L = 0.14",0.42498430609703064,2.0183751583099365
3.14,0,0.0325,0.14,"R = 0.0325, L = 0.14",0.43595069646835327,2.021580934524536
3.15,0,0.0325,0.14,"R = 0.0325, L = 0.14",0.44705864787101746,2.0242552757263184
3.16,0,0.0325,0.14,"R = 0.0325, L = 0.14",0.4582824110984802,2.0263919830322266
3.17,0,0.0325,0.14,"R = 0.0325, L = 0.14",0.4695959687232971,2.0279862880706787
3.18,0,0.0325,0.14,"R = 0.0325, L = 0.14",0.48097315430641174,2.02903413772583
3.19,0,0.0325,0.14,"R = 0.0325, L = 0.14",0.492387592792511,2.0295333862304688
3.2,0,0.0325,0.14,"R = 0.0325, L = 0.14",0.503812849521637,2.029482841491699
3.21,0,0.0325,0.14,"R = 0.0325, L = 0.14",0.5185307860374451,2.0287084579467773
3.22,0,0.0325,0.14,"R = 0.0325, L = 0.14",0.5332098603248596,2.027388572692871
3.23,0,0.0325,0.14,"R = 0.0325, L = 0.14",0.5478298664093018,2.025524854660034
3.24,0,0.0325,0.14,"R = 0.0325, L = 0.14",0.5623706579208374,2.0231199264526367
3.25,0,0.0325,0.14,"R = 0.0325, L = 0.14",0.5768121480941772,2.020177125930786
3.2600000000000002,0,0.0325,0.14,"R = 0.0325, L = 0.14",0.5911344885826111,2.016700506210327
3.27,0,0.0325,0.14,"R = 0.0325, L = 0.14",0.605318009853363,2.012694835662842
3.2800000000000002,0,0.0325,0.14,"R = 0.0325, L = 0.14",0.619343101978302,2.0081655979156494
3.29,0,0.0325,0.14,"R = 0.0325, L = 0.14",0.6331904530525208,2.0031189918518066
3.3000000000000003,0,0.0325,0.14,"R = 0.0325, L = 0.14",0.6468410491943359,1.997562050819397
3.31,0,0.0325,0.14,"R = 0.0325, L = 0.14",0.6631820797920227,1.9901916980743408
3.3200000000000003,0,0.0325,0.14,"R = 0.0325, L = 0.14",0.6792287826538086,1.9822007417678833
3.33,0,0.0325,0.14,"R = 0.0325, L = 0.14",0.6949575543403625,1.9736008644104004
3.34,0,0.0325,0.14,"R = 0.0325, L = 0.14",0.7103453278541565,1.964404821395874
3.35,0,0.0325,0.14,"R = 0.0325, L = 0.14",0.7253695130348206,1.9546259641647339
3.36,0,0.0325,0.14,"R = 0.0325, L = 0.14",0.7400080561637878,1.9442787170410156
3.37,0,0.0325,0.14,"R = 0.0325, L = 0.14",0.7542394399642944,1.9333783388137817
3.38,0,0.0325,0.14,"R = 0.0325, L = 0.14",0.768042802810669,1.9219406843185425
3.39,0,0.0325,0.14,"R = 0.0325, L = 0.14",0.7813978791236877,1.909982681274414
3.4,0,0.0325,0.14,"R = 0.0325, L = 0.14",0.7942850589752197,1.8975218534469604
3.41,0,0.0325,0.14,"R = 0.0325, L = 0.14",0.806882917881012,1.88437020778656
3.42,0,0.0325,0.14,"R = 0.0325, L = 0.14",0.8191432952880859,1.8709033727645874
3.43,0,0.0325,0.14,"R = 0.0325, L = 0.14",0.8310582637786865,1.8571300506591797
3.44,0,0.0325,0.14,"R = 0.0325, L = 0.14",0.8426201939582825,1.8430590629577637
3.45,0,0.0325,0.14,"R = 0.0325, L = 0.14",0.8538216948509216,1.8286994695663452
3.46,0,0.0325,0.14,"R = 0.0325, L = 0.14",0.8646554946899414,1.8140605688095093
3.47,0,0.0325,0.14,"R = 0.0325, L = 0.14",0.8751146793365479,1.7991516590118408
3.48,0,0.0325,0.14,"R = 0.0325, L = 0.14",0.8851925134658813,1.7839823961257935
3.49,0,0.0325,0.14,"R = 0.0325, L = 0.14",0.8948825001716614,1.7685624361038208
3.5,0,0.0325,0.14,"R = 0.0325, L = 0.14",0.9041784405708313,1.7529017925262451
3.5100000000000002,0,0.0325,0.14,"R = 0.0325, L = 0.14",0.9111595153808594,1.7404310703277588
3.52,0,0.0325,0.14,"R = 0.0325, L = 0.14",0.9178727865219116,1.7278141975402832
3.5300000000000002,0,0.0325,0.14,"R = 0.0325, L = 0.14",0.9243151545524597,1.7150567770004272
3.54,0,0.0325,0.14,"R = 0.0325, L = 0.14",0.9304836988449097,1.7021647691726685
3.5500000000000003,0,0.0325,0.14,"R = 0.0325, L = 0.14",0.9363755583763123,1.6891440153121948
3.56,0,0.0325,0.14,"R = 0.0325, L = 0.14",0.9419881105422974,1.6760004758834839
3.5700000000000003,0,0.0325,0.14,"R = 0.0325, L = 0.14",0.9473187923431396,1.6627401113510132
3.58,0,0.0325,0.14,"R = 0.0325, L = 0.14",0.9523651599884033,1.6493688821792603
3.59,0,0.0325,0.14,"R = 0.0325, L = 0.14",0.9571248888969421,1.6358929872512817
3.6,0,0.0325,0.14,"R = 0.0325, L = 0.14",0.9615958333015442,1.6223185062408447
3.61,0,0.0325,0.14,"R = 0.0325, L = 0.14",0.9661195278167725,1.6075284481048584
3.62,0,0.0325,0.14,"R = 0.0325, L = 0.14",0.9704563021659851,1.5926826000213623
3.63,0,0.0325,0.14,"R = 0.0325, L = 0.14",0.9746054410934448,1.577783226966858
3.64,0,0.0325,0.14,"R = 0.0325, L = 0.14",0.9785663485527039,1.5628327131271362
3.65,0,0.0325,0.14,"R = 0.0325, L = 0.14",0.9823383688926697,1.5478334426879883
3.66,0,0.0325,0.14,"R = 0.0325, L = 0.14",0.9859209060668945,1.532787799835205
3.67,0,0.0325,0.14,"R = 0.0325, L = 0.14",0.9893134236335754,1.5176981687545776
3.68,0,0.0325,0.14,"R = 0.0325, L = 0.14",0.9925153255462646,1.502566933631897
3.69,0,0.0325,0.14,"R = 0.0325, L = 0.14",0.995526134967804,1.487396478652954
3.7,0,0.0325,0.14,"R = 0.0325, L = 0.14",0.9983453750610352,1.4721893072128296
3.71,0,0.0325,0.14,"R = 0.0325, L = 0.14",1.0010610818862915,1.456433892250061
3.72,0,0.0325,0.14,"R = 0.0325, L = 0.14",1.0036550760269165,1.4406579732894897
3.73,0,0.0325,0.14,"R = 0.0325, L = 0.14",1.0061272382736206,1.4248625040054321
3.74,0,0.0325,0.14,"R = 0.0325, L = 0.14",1.0084773302078247,1.4090484380722046
3.75,0,0.0325,0.14,"R = 0.0325, L = 0.14",1.0107052326202393,1.3932167291641235
3.7600000000000002,0,0.0325,0.14,"R = 0.0325, L = 0.14",1.0128108263015747,1.3773683309555054
3.77,0,0.0325,0.14,"R = 0.0325, L = 0.14",1.0147939920425415,1.361504077911377
3.7800000000000002,0,0.0325,0.14,"R = 0.0325, L = 0.14",1.01665461063385,1.3456250429153442
3.79,0,0.0325,0.14,"R = 0.0325, L = 0.14",1.018392562866211,1.329732060432434
3.8000000000000003,0,0.0325,0.14,"R = 0.0325, L = 0.14",1.0200077295303345,1.313826084136963
3.81,0,0.0325,0.14,"R = 0.0325, L = 0.14",1.0214016437530518,1.298957347869873
3.8200000000000003,0,0.0325,0.14,"R = 0.0325, L = 0.14",1.0227159261703491,1.2840813398361206
3.83,0,0.0325,0.14,"R = 0.0325, L = 0.14",1.023950457572937,1.2691985368728638
3.84,0,0.0325,0.14,"R = 0.0325, L = 0.14",1.0251052379608154,1.2543092966079712
3.85,0,0.0325,0.14,"R = 0.0325, L = 0.14",1.0261802673339844,1.239414095878601
3.86,0,0.0325,0.14,"R = 0.0325, L = 0.14",1.0271754264831543,1.2245134115219116
3.87,0,0.0325,0.14,"R = 0.0325, L = 0.14",1.0280907154083252,1.2096076011657715
3.88,0,0.0325,0.14,"R = 0.0325, L = 0.14",1.028926134109497,1.1946970224380493
3.89,0,0.0325,0.14,"R = 0.0325, L = 0.14",1.02968168258667,1.1797822713851929
3.9,0,0.0325,0.14,"R = 0.0325, L = 0.14",1.0303573608398438,1.1648635864257812
3.91,0,0.0325,0.14,"R = 0.0325, L = 0.14",1.030896782875061,1.1513503789901733
3.92,0,0.0325,0.14,"R = 0.0325, L = 0.14",1.0313864946365356,1.1378352642059326
3.93,0,0.0325,0.14,"R = 0.0325, L = 0.14",1.031826376914978,1.1243184804916382
3.94,0,0.0325,0.14,"R = 0.0325, L = 0.14",1.0322164297103882,1.1108001470565796
3.95,0,0.0325,0.14,"R = 0.0325, L = 0.14",1.0325566530227661,1.097280502319336
3.96,0,0.0325,0.14,"R = 0.0325, L = 0.14",1.0328470468521118,1.0837596654891968
3.97,0,0.0325,0.14,"R = 0.0325, L = 0.14",1.0330876111984253,1.0702378749847412
3.98,0,0.0325,0.14,"R = 0.0325, L = 0.14",1.033278226852417,1.0567152500152588
3.99,0,0.0325,0.14,"R = 0.0325, L = 0.14",1.0334190130233765,1.0431920289993286
4.0,0,0.0325,0.14,"R = 0.0325, L = 0.14",1.0335099697113037,1.0296684503555298
4.01,0,0.0325,0.14,"R = 0.0325, L = 0.14",1.0335652828216553,1.0114905834197998
4.0200000000000005,0,0.0325,0.14,"R = 0.0325, L = 0.14",1.0340114831924438,0.9933181405067444
4.03,0,0.0325,0.14,"R = 0.0325, L = 0.14",1.0348484516143799,0.9751595258712769
4.04,0,0.0325,0.14,"R = 0.0325, L = 0.14",1.0360757112503052,0.9570230841636658
4.05,0,0.0325,0.14,"R = 0.0325, L = 0.14",1.0376927852630615,0.9389172792434692
4.0600000000000005,0,0.0325,0.14,"R = 0.0325, L = 0.14",1.039698839187622,0.920850396156311
4.07,0,0.0325,0.14,"R = 0.0325, L = 0.14",1.04209303855896,0.9028308391571045
4.08,0,0.0325,0.14,"R = 0.0325, L = 0.14",1.0448741912841797,0.8848669528961182
4.09,0,0.0325,0.14,"R = 0.0325, L = 0.14",1.0480411052703857,0.8669670224189758
4.1,0,0.0325,0.14,"R = 0.0325, L = 0.14",1.051592230796814,0.8491393327713013
4.11,0,0.0325,0.14,"R = 0.0325, L = 0.14",1.0558207035064697,0.8300623297691345
4.12,0,0.0325,0.14,"R = 0.0325, L = 0.14",1.0602538585662842,0.8110318779945374
4.13,0,0.0325,0.14,"R = 0.0325, L = 0.14",1.0648912191390991,0.7920501232147217
4.14,0,0.0325,0.14,"R = 0.0325, L = 0.14",1.0697323083877563,0.7731192708015442
4.15,0,0.0325,0.14,"R = 0.0325, L = 0.14",1.074776530265808,0.7542415261268616
4.16,0,0.0325,0.14,"R = 0.0325, L = 0.14",1.0800232887268066,0.7354190945625305
4.17,0,0.0325,0.14,"R = 0.0325, L = 0.14",1.0854719877243042,0.7166541218757629
4.18,0,0.0325,0.14,"R = 0.0325, L = 0.14",1.0911219120025635,0.6979487538337708
4.19,0,0.0325,0.14,"R = 0.0325, L = 0.14",1.0969724655151367,0.6793051958084106
4.2,0,0.0325,0.14,"R = 0.0325, L = 0.14",1.1030230522155762,0.6607255935668945
4.21,0,0.0325,0.14,"R = 0.0325, L = 0.14",1.109383463859558,0.6418845057487488
4.22,0,0.0325,0.14,"R = 0.0325, L = 0.14",1.115844488143921,0.6230776906013489
4.23,0,0.0325,0.14,"R = 0.0325, L = 0.14",1.122406005859375,0.6043056845664978
4.24,0,0.0325,0.14,"R = 0.0325, L = 0.14",1.1290677785873413,0.5855690240859985
4.25,0,0.0325,0.14,"R = 0.0325, L = 0.14",1.1358296871185303,0.566868245601654
4.26,0,0.0325,0.14,"R = 0.0325, L = 0.14",1.1426914930343628,0.5482038855552673
4.2700000000000005,0,0.0325,0.14,"R = 0.0325, L = 0.14",1.1496530771255493,0.5295764803886414
4.28,0,0.0325,0.14,"R = 0.0325, L = 0.14",1.1567140817642212,0.5109865665435791
4.29,0,0.0325,0.14,"R = 0.0325, L = 0.14",1.1638743877410889,0.49243471026420593
4.3,0,0.0325,0.14,"R = 0.0325, L = 0.14",1.1711338758468628,0.47392138838768005
4.3100000000000005,0,0.0325,0.14,"R = 0.0325, L = 0.14",1.178479552268982,0.4554789960384369
4.32,0,0.0325,0.14,"R = 0.0325, L = 0.14",1.1857116222381592,0.43699178099632263
4.33,0,0.0325,0.14,"R = 0.0325, L = 0.14",1.192829966545105,0.4184604585170746
4.34,0,0.0325,0.14,"R = 0.0325, L = 0.14",1.1998342275619507,0.39988571405410767
4.3500000000000005,0,0.0325,0.14,"R = 0.0325, L = 0.14",1.2067240476608276,0.3812682628631592
4.36,0,0.0325,0.14,"R = 0.0325, L = 0.14",1.2134993076324463,0.36260879039764404
4.37,0,0.0325,0.14,"R = 0.0325, L = 0.14",1.220159649848938,0.34390801191329956
4.38,0,0.0325,0.14,"R = 0.0325, L = 0.14",1.2267048358917236,0.32516661286354065
4.39,0,0.0325,0.14,"R = 0.0325, L = 0.14",1.2331347465515137,0.306385338306427
4.4,0,0.0325,0.14,"R = 0.0325, L = 0.14",1.2394490242004395,0.28756487369537354
4.41,0,0.0325,0.14,"R = 0.0325, L = 0.14",1.2439864873886108,0.2737594544887543
4.42,0,0.0325,0.14,"R = 0.0325, L = 0.14",1.2479979991912842,0.25979211926460266
4.43,0,0.0325,0.14,"R = 0.0325, L = 0.14",1.2514777183532715,0.24568292498588562
4.44,0,0.0325,0.14,"R = 0.0325, L = 0.14",1.2544207572937012,0.2314520925283432
4.45,0,0.0325,0.14,"R = 0.0325, L = 0.14",1.256822943687439,0.21712003648281097
4.46,0,0.0325,0.14,"R = 0.0325, L = 0.14",1.2586807012557983,0.20270730555057526
4.47,0,0.0325,0.14,"R = 0.0325, L = 0.14",1.2599914073944092,0.18823456764221191
4.48,0,0.0325,0.14,"R = 0.0325, L = 0.14",1.2607531547546387,0.17372258007526398
4.49,0,0.0325,0.14,"R = 0.0325, L = 0.14",1.2609649896621704,0.15919215977191925
4.5,0,0.0325,0.14,"R = 0.0325, L = 0.14",1.2606264352798462,0.14466413855552673
4.51,0,0.0325,0.14,"R = 0.0325, L = 0.14",1.2600035667419434,0.13449497520923615
4.5200000000000005,0,0.0325,0.14,"R = 0.0325, L = 0.14",1.258945345878601,0.12436185777187347
4.53,0,0.0325,0.14,"R = 0.0325, L = 0.14",1.2574537992477417,0.11428341269493103
4.54,0,0.0325,0.14,"R = 0.0325, L = 0.14",1.2555315494537354,0.10427816957235336
4.55,0,0.0325,0.14,"R = 0.0325, L = 0.14",1.2531821727752686,0.09436452388763428
4.5600000000000005,0,0.0325,0.14,"R = 0.0325, L = 0.14",1.2504100799560547,0.08456069976091385
4.57,0,0.0325,0.14,"R = 0.0325, L = 0.14",1.2472202777862549,0.07488472014665604
4.58,0,0.0325,0.14,"R = 0.0325, L = 0.14",1.2436186075210571,0.0653543695807457
4.59,0,0.0325,0.14,"R = 0.0325, L = 0.14",1.2396117448806763,0.055987171828746796
4.6000000000000005,0,0.0325,0.14,"R = 0.0325, L = 0.14",1.235206961631775,0.04680034518241882
4.61,0,0.0325,0.14,"R = 0.0325, L = 0.14",1.2289159297943115,0.03500494360923767
4.62,0,0.0325,0.14,"R = 0.0325, L = 0.14",1.2222689390182495,0.023406434804201126
4.63,0,0.0325,0.14,"R = 0.0325, L = 0.14",1.215272068977356,0.01201555971056223
4.64,0,0.0325,0.14,"R = 0.0325, L = 0.14",1.2079318761825562,0.0008428683504462242
4.65,0,0.0325,0.14,"R = 0.0325, L = 0.14",1.200255036354065,-0.010101291351020336
4.66,0,0.0325,0.14,"R = 0.0325, L = 0.14",1.1922487020492554,-0.02080678381025791
4.67,0,0.0325,0.14,"R = 0.0325, L = 0.14",1.1839203834533691,-0.031263694167137146
4.68,0,0.0325,0.14,"R = 0.0325, L = 0.14",1.1752777099609375,-0.04146233946084976
4.69,0,0.0325,0.14,"R = 0.0325, L = 0.14",1.1663286685943604,-0.05139327049255371
4.7,0,0.0325,0.14,"R = 0.0325, L = 0.14",1.1570816040039062,-0.06104729324579239
4.71,0,0.0325,0.14,"R = 0.0325, L = 0.14",1.146170973777771,-0.07176532596349716
4.72,0,0.0325,0.14,"R = 0.0325, L = 0.14",1.1349740028381348,-0.0821838527917862
4.73,0,0.0325,0.14,"R = 0.0325, L = 0.14",1.123498797416687,-0.09229522943496704
4.74,0,0.0325,0.14,"R = 0.0325, L = 0.14",1.1117539405822754,-0.10209202766418457
4.75,0,0.0325,0.14,"R = 0.0325, L = 0.14",1.0997480154037476,-0.11156705766916275
4.76,0,0.0325,0.14,"R = 0.0325, L = 0.14",1.0874898433685303,-0.12071336805820465
4.7700000000000005,0,0.0325,0.14,"R = 0.0325, L = 0.14",1.0749883651733398,-0.12952423095703125
4.78,0,0.0325,0.14,"R = 0.0325, L = 0.14",1.0622527599334717,-0.1379932016134262
4.79,0,0.0325,0.14,"R = 0.0325, L = 0.14",1.0492924451828003,-0.1461140513420105
4.8,0,0.0325,0.14,"R = 0.0325, L = 0.14",1.0361168384552002,-0.15388081967830658
4.8100000000000005,0,0.0325,0.14,"R = 0.0325, L = 0.14",1.0220078229904175,-0.16169071197509766
4.82,0,0.0325,0.14,"R = 0.0325, L = 0.14",1.0077167749404907,-0.16916236281394958
4.83,0,0.0325,0.14,"R = 0.0325, L = 0.14",0.9932518601417542,-0.1762915402650833
4.84,0,0.0325,0.14,"R = 0.0325, L = 0.14",0.978621244430542,-0.1830742061138153
4.8500000000000005,0,0.0325,0.14,"R = 0.0325, L = 0.14",0.963833212852478,-0.18950650095939636
4.86,0,0.0325,0.14,"R = 0.0325, L = 0.14",0.9488962292671204,-0.19558477401733398
4.87,0,0.0325,0.14,"R = 0.0325, L = 0.14",0.9338186979293823,-0.2013055980205536
4.88,0,0.0325,0.14,"R = 0.0325, L = 0.14",0.9186092019081116,-0.20666570961475372
4.89,0,0.0325,0.14,"R = 0.0325, L = 0.14",0.9032763242721558,-0.21166206896305084
4.9,0,0.0325,0.14,"R = 0.0325, L = 0.14",0.8878288269042969,-0.21629184484481812
4.91,0,0.0325,0.14,"R = 0.0325, L = 0.14",0.8737223744392395,-0.22015604376792908
4.92,0,0.0325,0.14,"R = 0.0325, L = 0.14",0.8595540523529053,-0.2237868458032608
4.93,0,0.0325,0.14,"R = 0.0325, L = 0.14",0.8453277349472046,-0.2271832823753357
4.94,0,0.0325,0.14,"R = 0.0325, L = 0.14",0.8310472965240479,-0.23034441471099854
4.95,0,0.0325,0.14,"R = 0.0325, L = 0.14",0.8167166113853455,-0.23326937854290009
4.96,0,0.0325,0.14,"R = 0.0325, L = 0.14",0.8023396134376526,-0.23595736920833588
4.97,0,0.0325,0.14,"R = 0.0325, L = 0.14",0.7879201769828796,-0.2384076714515686
4.98,0,0.0325,0.14,"R = 0.0325, L = 0.14",0.7734622955322266,-0.24061959981918335
4.99,0,0.0325,0.14,"R = 0.0325, L = 0.14",0.7589698433876038,-0.24259257316589355
5.0,0,0.0325,0.14,"R = 0.0325, L = 0.14",0.7444468140602112,-0.24432604014873505
5.01,0,0.0325,0.14,"R = 0.0325, L = 0.14",0.7318483591079712,-0.24561923742294312
5.0200000000000005,0,0.0325,0.14,"R = 0.0325, L = 0.14",0.7192347645759583,-0.24675527215003967
5.03,0,0.0325,0.14,"R = 0.0325, L = 0.14",0.70660799741745,-0.2477339655160904
5.04,0,0.0325,0.14,"R = 0.0325, L = 0.14",0.6939700245857239,-0.24855516850948334
5.05,0,0.0325,0.14,"R = 0.0325, L = 0.14",0.6813228130340576,-0.24921874701976776
5.0600000000000005,0,0.0325,0.14,"R = 0.0325, L = 0.14",0.668668270111084,-0.2497245967388153
5.07,0,0.0325,0.14,"R = 0.0325, L = 0.14",0.6560084223747253,-0.2500726282596588
5.08,0,0.0325,0.14,"R = 0.0325, L = 0.14",0.6433452367782593,-0.2502628266811371
5.09,0,0.0325,0.14,"R = 0.0325, L = 0.14",0.6306806206703186,-0.25029513239860535
5.1000000000000005,0,0.0325,0.14,"R = 0.0325, L = 0.14",0.6180166006088257,-0.2501695454120636
5.11,0,0.0325,0.14,"R = 0.0325, L = 0.14",0.6180166006088257,-0.2501695454120636
5.12,0,0.0325,0.14,"R = 0.0325, L = 0.14",0.6180166006088257,-0.2501695454120636
5.13,0,0.0325,0.14,"R = 0.0325, L = 0.14",0.6180166006088257,-0.2501695454120636
5.14,0,0.0325,0.14,"R = 0.0325, L = 0.14",0.6180166006088257,-0.2501695454120636
5.15,0,0.0325,0.14,"R = 0.0325, L = 0.14",0.6180166006088257,-0.2501695454120636
5.16,0,0.0325,0.14,"R = 0.0325, L = 0.14",0.6180166006088257,-0.2501695454120636
5.17,0,0.0325,0.14,"R = 0.0325, L = 0.14",0.6180166006088257,-0.2501695454120636
5.18,0,0.0325,0.14,"R = 0.0325, L = 0.14",0.6180166006088257,-0.2501695454120636
5.19,0,0.0325,0.14,"R = 0.0325, L = 0.14",0.6180166006088257,-0.2501695454120636
5.2,0,0.0325,0.14,"R = 0.0325, L = 0.14",0.6180166006088257,-0.2501695454120636
5.21,0,0.0325,0.14,"R = 0.0325, L = 0.14",0.6180166006088257,-0.2501695454120636
5.22,0,0.0325,0.14,"R = 0.0325, L = 0.14",0.6180166006088257,-0.2501695454120636
5.23,0,0.0325,0.14,"R = 0.0325, L = 0.14",0.6180166006088257,-0.2501695454120636
5.24,0,0.0325,0.14,"R = 0.0325, L = 0.14",0.6180166006088257,-0.2501695454120636
5.25,0,0.0325,0.14,"R = 0.0325, L = 0.14",0.6180166006088257,-0.2501695454120636
5.26,0,0.0325,0.14,"R = 0.0325, L = 0.14",0.6180166006088257,-0.2501695454120636
5.2700000000000005,0,0.0325,0.14,"R = 0.0325, L = 0.14",0.6180166006088257,-0.2501695454120636
5.28,0,0.0325,0.14,"R = 0.0325, L = 0.14",0.6180166006088257,-0.2501695454120636
5.29,0,0.0325,0.14,"R = 0.0325, L = 0.14",0.6180166006088257,-0.2501695454120636
5.3,0,0.0325,0.14,"R = 0.0325, L = 0.14",0.6180166006088257,-0.2501695454120636
5.3100000000000005,0,0.0325,0.14,"R = 0.0325, L = 0.14",0.6180166006088257,-0.2501695454120636
5.32,0,0.0325,0.14,"R = 0.0325, L = 0.14",0.6180166006088257,-0.2501695454120636
5.33,0,0.0325,0.14,"R = 0.0325, L = 0.14",0.6180166006088257,-0.2501695454120636
5.34,0,0.0325,0.14,"R = 0.0325, L = 0.14",0.6180166006088257,-0.2501695454120636
5.3500000000000005,0,0.0325,0.14,"R = 0.0325, L = 0.14",0.6180166006088257,-0.2501695454120636
5.36,0,0.0325,0.14,"R = 0.0325, L = 0.14",0.6180166006088257,-0.2501695454120636
5.37,0,0.0325,0.14,"R = 0.0325, L = 0.14",0.6180166006088257,-0.2501695454120636
5.38,0,0.0325,0.14,"R = 0.0325, L = 0.14",0.6180166006088257,-0.2501695454120636
5.39,0,0.0325,0.14,"R = 0.0325, L = 0.14",0.6180166006088257,-0.2501695454120636
5.4,0,0.0325,0.14,"R = 0.0325, L = 0.14",0.6180166006088257,-0.2501695454120636
5.41,0,0.0325,0.14,"R = 0.0325, L = 0.14",0.6180166006088257,-0.2501695454120636
5.42,0,0.0325,0.14,"R = 0.0325, L = 0.14",0.6180166006088257,-0.2501695454120636
5.43,0,0.0325,0.14,"R = 0.0325, L = 0.14",0.6180166006088257,-0.2501695454120636
5.44,0,0.0325,0.14,"R = 0.0325, L = 0.14",0.6180166006088257,-0.2501695454120636
5.45,0,0.0325,0.14,"R = 0.0325, L = 0.14",0.6180166006088257,-0.2501695454120636
5.46,0,0.0325,0.14,"R = 0.0325, L = 0.14",0.6180166006088257,-0.2501695454120636
5.47,0,0.0325,0.14,"R = 0.0325, L = 0.14",0.6180166006088257,-0.2501695454120636
5.48,0,0.0325,0.14,"R = 0.0325, L = 0.14",0.6180166006088257,-0.2501695454120636
5.49,0,0.0325,0.14,"R = 0.0325, L = 0.14",0.6180166006088257,-0.2501695454120636
5.5,0,0.0325,0.14,"R = 0.0325, L = 0.14",0.6180166006088257,-0.2501695454120636
5.51,0,0.0325,0.14,"R = 0.0325, L = 0.14",0.6180166006088257,-0.2501695454120636
5.5200000000000005,0,0.0325,0.14,"R = 0.0325, L = 0.14",0.6180166006088257,-0.2501695454120636
5.53,0,0.0325,0.14,"R = 0.0325, L = 0.14",0.6180166006088257,-0.2501695454120636
5.54,0,0.0325,0.14,"R = 0.0325, L = 0.14",0.6180166006088257,-0.2501695454120636
5.55,0,0.0325,0.14,"R = 0.0325, L = 0.14",0.6180166006088257,-0.2501695454120636
5.5600000000000005,0,0.0325,0.14,"R = 0.0325, L = 0.14",0.6180166006088257,-0.2501695454120636
5.57,0,0.0325,0.14,"R = 0.0325, L = 0.14",0.6180166006088257,-0.2501695454120636
5.58,0,0.0325,0.14,"R = 0.0325, L = 0.14",0.6180166006088257,-0.2501695454120636
5.59,0,0.0325,0.14,"R = 0.0325, L = 0.14",0.6180166006088257,-0.2501695454120636
5.6000000000000005,0,0.0325,0.14,"R = 0.0325, L = 0.14",0.6180166006088257,-0.2501695454120636
5.61,0,0.0325,0.14,"R = 0.0325, L = 0.14",0.6180166006088257,-0.2501695454120636
5.62,0,0.0325,0.14,"R = 0.0325, L = 0.14",0.6180166006088257,-0.2501695454120636
5.63,0,0.0325,0.14,"R = 0.0325, L = 0.14",0.6180166006088257,-0.2501695454120636
5.64,0,0.0325,0.14,"R = 0.0325, L = 0.14",0.6180166006088257,-0.2501695454120636
5.65,0,0.0325,0.14,"R = 0.0325, L = 0.14",0.6180166006088257,-0.2501695454120636
5.66,0,0.0325,0.14,"R = 0.0325, L = 0.14",0.6180166006088257,-0.2501695454120636
5.67,0,0.0325,0.14,"R = 0.0325, L = 0.14",0.6180166006088257,-0.2501695454120636
5.68,0,0.0325,0.14,"R = 0.0325, L = 0.14",0.6180166006088257,-0.2501695454120636
5.69,0,0.0325,0.14,"R = 0.0325, L = 0.14",0.6180166006088257,-0.2501695454120636
5.7,0,0.0325,0.14,"R = 0.0325, L = 0.14",0.6180166006088257,-0.2501695454120636
5.71,0,0.0325,0.14,"R = 0.0325, L = 0.14",0.6180166006088257,-0.2501695454120636
5.72,0,0.0325,0.14,"R = 0.0325, L = 0.14",0.6180166006088257,-0.2501695454120636
5.73,0,0.0325,0.14,"R = 0.0325, L = 0.14",0.6180166006088257,-0.2501695454120636
5.74,0,0.0325,0.14,"R = 0.0325, L = 0.14",0.6180166006088257,-0.2501695454120636
5.75,0,0.0325,0.14,"R = 0.0325, L = 0.14",0.6180166006088257,-0.2501695454120636
5.76,0,0.0325,0.14,"R = 0.0325, L = 0.14",0.6180166006088257,-0.2501695454120636
5.7700000000000005,0,0.0325,0.14,"R = 0.0325, L = 0.14",0.6180166006088257,-0.2501695454120636
5.78,0,0.0325,0.14,"R = 0.0325, L = 0.14",0.6180166006088257,-0.2501695454120636
5.79,0,0.0325,0.14,"R = 0.0325, L = 0.14",0.6180166006088257,-0.2501695454120636
5.8,0,0.0325,0.14,"R = 0.0325, L = 0.14",0.6180166006088257,-0.2501695454120636
5.8100000000000005,0,0.0325,0.14,"R = 0.0325, L = 0.14",0.6180166006088257,-0.2501695454120636
5.82,0,0.0325,0.14,"R = 0.0325, L = 0.14",0.6180166006088257,-0.2501695454120636
5.83,0,0.0325,0.14,"R = 0.0325, L = 0.14",0.6180166006088257,-0.2501695454120636
5.84,0,0.0325,0.14,"R = 0.0325, L = 0.14",0.6180166006088257,-0.2501695454120636
5.8500000000000005,0,0.0325,0.14,"R = 0.0325, L = 0.14",0.6180166006088257,-0.2501695454120636
5.86,0,0.0325,0.14,"R = 0.0325, L = 0.14",0.6180166006088257,-0.2501695454120636
5.87,0,0.0325,0.14,"R = 0.0325, L = 0.14",0.6180166006088257,-0.2501695454120636
5.88,0,0.0325,0.14,"R = 0.0325, L = 0.14",0.6180166006088257,-0.2501695454120636
5.89,0,0.0325,0.14,"R = 0.0325, L = 0.14",0.6180166006088257,-0.2501695454120636
5.9,0,0.0325,0.14,"R = 0.0325, L = 0.14",0.6180166006088257,-0.2501695454120636
5.91,0,0.0325,0.14,"R = 0.0325, L = 0.14",0.6180166006088257,-0.2501695454120636
5.92,0,0.0325,0.14,"R = 0.0325, L = 0.14",0.6180166006088257,-0.2501695454120636
5.93,0,0.0325,0.14,"R = 0.0325, L = 0.14",0.6180166006088257,-0.2501695454120636
5.94,0,0.0325,0.14,"R = 0.0325, L = 0.14",0.6180166006088257,-0.2501695454120636
5.95,0,0.0325,0.14,"R = 0.0325, L = 0.14",0.6180166006088257,-0.2501695454120636
5.96,0,0.0325,0.14,"R = 0.0325, L = 0.14",0.6180166006088257,-0.2501695454120636
5.97,0,0.0325,0.14,"R = 0.0325, L = 0.14",0.6180166006088257,-0.2501695454120636
5.98,0,0.0325,0.14,"R = 0.0325, L = 0.14",0.6180166006088257,-0.2501695454120636
5.99,0,0.0325,0.14,"R = 0.0325, L = 0.14",0.6180166006088257,-0.2501695454120636
6.0,0,0.0325,0.14,"R = 0.0325, L = 0.14",0.6180166006088257,-0.2501695454120636
6.01,0,0.0325,0.14,"R = 0.0325, L = 0.14",0.6180166006088257,-0.2501695454120636
6.0200000000000005,0,0.0325,0.14,"R = 0.0325, L = 0.14",0.6180166006088257,-0.2501695454120636
6.03,0,0.0325,0.14,"R = 0.0325, L = 0.14",0.6180166006088257,-0.2501695454120636
6.04,0,0.0325,0.14,"R = 0.0325, L = 0.14",0.6180166006088257,-0.2501695454120636
6.05,0,0.0325,0.14,"R = 0.0325, L = 0.14",0.6180166006088257,-0.2501695454120636
6.0600000000000005,0,0.0325,0.14,"R = 0.0325, L = 0.14",0.6180166006088257,-0.2501695454120636
6.07,0,0.0325,0.14,"R = 0.0325, L = 0.14",0.6180166006088257,-0.2501695454120636
6.08,0,0.0325,0.14,"R = 0.0325, L = 0.14",0.6180166006088257,-0.2501695454120636
6.09,0,0.0325,0.14,"R = 0.0325, L = 0.14",0.6180166006088257,-0.2501695454120636
6.1000000000000005,0,0.0325,0.14,"R = 0.0325, L = 0.14",0.6180166006088257,-0.2501695454120636
6.11,0,0.0325,0.14,"R = 0.0325, L = 0.14",0.6180166006088257,-0.2501695454120636
6.12,0,0.0325,0.14,"R = 0.0325, L = 0.14",0.6180166006088257,-0.2501695454120636
6.13,0,0.0325,0.14,"R = 0.0325, L = 0.14",0.6180166006088257,-0.2501695454120636
6.140000000000001,0,0.0325,0.14,"R = 0.0325, L = 0.14",0.6180166006088257,-0.2501695454120636
6.15,0,0.0325,0.14,"R = 0.0325, L = 0.14",0.6180166006088257,-0.2501695454120636
6.16,0,0.0325,0.14,"R = 0.0325, L = 0.14",0.6180166006088257,-0.2501695454120636
6.17,0,0.0325,0.14,"R = 0.0325, L = 0.14",0.6180166006088257,-0.2501695454120636
6.18,0,0.0325,0.14,"R = 0.0325, L = 0.14",0.6180166006088257,-0.2501695454120636
6.19,0,0.0325,0.14,"R = 0.0325, L = 0.14",0.6180166006088257,-0.2501695454120636
6.2,0,0.0325,0.14,"R = 0.0325, L = 0.14",0.6180166006088257,-0.2501695454120636
6.21,0,0.0325,0.14,"R = 0.0325, L = 0.14",0.6180166006088257,-0.2501695454120636
6.22,0,0.0325,0.14,"R = 0.0325, L = 0.14",0.6180166006088257,-0.2501695454120636
6.23,0,0.0325,0.14,"R = 0.0325, L = 0.14",0.6180166006088257,-0.2501695454120636
6.24,0,0.0325,0.14,"R = 0.0325, L = 0.14",0.6180166006088257,-0.2501695454120636
6.25,0,0.0325,0.14,"R = 0.0325, L = 0.14",0.6180166006088257,-0.2501695454120636
6.26,0,0.0325,0.14,"R = 0.0325, L = 0.14",0.6180166006088257,-0.2501695454120636
6.2700000000000005,0,0.0325,0.14,"R = 0.0325, L = 0.14",0.6180166006088257,-0.2501695454120636
6.28,0,0.0325,0.14,"R = 0.0325, L = 0.14",0.6180166006088257,-0.2501695454120636
6.29,0,0.0325,0.14,"R = 0.0325, L = 0.14",0.6180166006088257,-0.2501695454120636
6.3,0,0.0325,0.14,"R = 0.0325, L = 0.14",0.6180166006088257,-0.2501695454120636
6.3100000000000005,0,0.0325,0.14,"R = 0.0325, L = 0.14",0.6180166006088257,-0.2501695454120636
6.32,0,0.0325,0.14,"R = 0.0325, L = 0.14",0.6180166006088257,-0.2501695454120636
6.33,0,0.0325,0.14,"R = 0.0325, L = 0.14",0.6180166006088257,-0.2501695454120636
6.34,0,0.0325,0.14,"R = 0.0325, L = 0.14",0.6180166006088257,-0.2501695454120636
6.3500000000000005,0,0.0325,0.14,"R = 0.0325, L = 0.14",0.6180166006088257,-0.2501695454120636
6.36,0,0.0325,0.14,"R = 0.0325, L = 0.14",0.6180166006088257,-0.2501695454120636
6.37,0,0.0325,0.14,"R = 0.0325, L = 0.14",0.6180166006088257,-0.2501695454120636
6.38,0,0.0325,0.14,"R = 0.0325, L = 0.14",0.6180166006088257,-0.2501695454120636
6.390000000000001,0,0.0325,0.14,"R = 0.0325, L = 0.14",0.6180166006088257,-0.2501695454120636
6.4,0,0.0325,0.14,"R = 0.0325, L = 0.14",0.6180166006088257,-0.2501695454120636
6.41,0,0.0325,0.14,"R = 0.0325, L = 0.14",0.6180166006088257,-0.2501695454120636
6.42,0,0.0325,0.14,"R = 0.0325, L = 0.14",0.6180166006088257,-0.2501695454120636
6.43,0,0.0325,0.14,"R = 0.0325, L = 0.14",0.6180166006088257,-0.2501695454120636
6.44,0,0.0325,0.14,"R = 0.0325, L = 0.14",0.6180166006088257,-0.2501695454120636
6.45,0,0.0325,0.14,"R = 0.0325, L = 0.14",0.6180166006088257,-0.2501695454120636
6.46,0,0.0325,0.14,"R = 0.0325, L = 0.14",0.6180166006088257,-0.2501695454120636
6.47,0,0.0325,0.14,"R = 0.0325, L = 0.14",0.6180166006088257,-0.2501695454120636
6.48,0,0.0325,0.14,"R = 0.0325, L = 0.14",0.6180166006088257,-0.2501695454120636
6.49,0,0.0325,0.14,"R = 0.0325, L = 0.14",0.6180166006088257,-0.2501695454120636
6.5,0,0.0325,0.14,"R = 0.0325, L = 0.14",0.6180166006088257,-0.2501695454120636
6.51,0,0.0325,0.14,"R = 0.0325, L = 0.14",0.6180166006088257,-0.2501695454120636
6.5200000000000005,0,0.0325,0.14,"R = 0.0325, L = 0.14",0.6180166006088257,-0.2501695454120636
6.53,0,0.0325,0.14,"R = 0.0325, L = 0.14",0.6180166006088257,-0.2501695454120636
6.54,0,0.0325,0.14,"R = 0.0325, L = 0.14",0.6180166006088257,-0.2501695454120636
6.55,0,0.0325,0.14,"R = 0.0325, L = 0.14",0.6180166006088257,-0.2501695454120636
6.5600000000000005,0,0.0325,0.14,"R = 0.0325, L = 0.14",0.6180166006088257,-0.2501695454120636
6.57,0,0.0325,0.14,"R = 0.0325, L = 0.14",0.6180166006088257,-0.2501695454120636
6.58,0,0.0325,0.14,"R = 0.0325, L = 0.14",0.6180166006088257,-0.2501695454120636
6.59,0,0.0325,0.14,"R = 0.0325, L = 0.14",0.6180166006088257,-0.2501695454120636
6.6000000000000005,0,0.0325,0.14,"R = 0.0325, L = 0.14",0.6180166006088257,-0.2501695454120636
6.61,0,0.0325,0.14,"R = 0.0325, L = 0.14",0.6180166006088257,-0.2501695454120636
6.62,0,0.0325,0.14,"R = 0.0325, L = 0.14",0.6180166006088257,-0.2501695454120636
6.63,0,0.0325,0.14,"R = 0.0325, L = 0.14",0.6180166006088257,-0.2501695454120636
6.640000000000001,0,0.0325,0.14,"R = 0.0325, L = 0.14",0.6180166006088257,-0.2501695454120636
6.65,0,0.0325,0.14,"R = 0.0325, L = 0.14",0.6180166006088257,-0.2501695454120636
6.66,0,0.0325,0.14,"R = 0.0325, L = 0.14",0.6180166006088257,-0.2501695454120636
6.67,0,0.0325,0.14,"R = 0.0325, L = 0.14",0.6180166006088257,-0.2501695454120636
6.68,0,0.0325,0.14,"R = 0.0325, L = 0.14",0.6180166006088257,-0.2501695454120636
6.69,0,0.0325,0.14,"R = 0.0325, L = 0.14",0.6180166006088257,-0.2501695454120636
6.7,0,0.0325,0.14,"R = 0.0325, L = 0.14",0.6180166006088257,-0.2501695454120636
6.71,0,0.0325,0.14,"R = 0.0325, L = 0.14",0.6180166006088257,-0.2501695454120636
6.72,0,0.0325,0.14,"R = 0.0325, L = 0.14",0.6180166006088257,-0.2501695454120636
6.73,0,0.0325,0.14,"R = 0.0325, L = 0.14",0.6180166006088257,-0.2501695454120636
6.74,0,0.0325,0.14,"R = 0.0325, L = 0.14",0.6180166006088257,-0.2501695454120636
6.75,0,0.0325,0.14,"R = 0.0325, L = 0.14",0.6180166006088257,-0.2501695454120636
6.76,0,0.0325,0.14,"R = 0.0325, L = 0.14",0.6180166006088257,-0.2501695454120636
6.7700000000000005,0,0.0325,0.14,"R = 0.0325, L = 0.14",0.6180166006088257,-0.2501695454120636
6.78,0,0.0325,0.14,"R = 0.0325, L = 0.14",0.6180166006088257,-0.2501695454120636
6.79,0,0.0325,0.14,"R = 0.0325, L = 0.14",0.6180166006088257,-0.2501695454120636
6.8,0,0.0325,0.14,"R = 0.0325, L = 0.14",0.6180166006088257,-0.2501695454120636
6.8100000000000005,0,0.0325,0.14,"R = 0.0325, L = 0.14",0.6180166006088257,-0.2501695454120636
6.82,0,0.0325,0.14,"R = 0.0325, L = 0.14",0.6180166006088257,-0.2501695454120636
6.83,0,0.0325,0.14,"R = 0.0325, L = 0.14",0.6180166006088257,-0.2501695454120636
6.84,0,0.0325,0.14,"R = 0.0325, L = 0.14",0.6180166006088257,-0.2501695454120636
6.8500000000000005,0,0.0325,0.14,"R = 0.0325, L = 0.14",0.6180166006088257,-0.2501695454120636
6.86,0,0.0325,0.14,"R = 0.0325, L = 0.14",0.6180166006088257,-0.2501695454120636
6.87,0,0.0325,0.14,"R = 0.0325, L = 0.14",0.6180166006088257,-0.2501695454120636
6.88,0,0.0325,0.14,"R = 0.0325, L = 0.14",0.6180166006088257,-0.2501695454120636
6.890000000000001,0,0.0325,0.14,"R = 0.0325, L = 0.14",0.6180166006088257,-0.2501695454120636
6.9,0,0.0325,0.14,"R = 0.0325, L = 0.14",0.6180166006088257,-0.2501695454120636
6.91,0,0.0325,0.14,"R = 0.0325, L = 0.14",0.6180166006088257,-0.2501695454120636
6.92,0,0.0325,0.14,"R = 0.0325, L = 0.14",0.6180166006088257,-0.2501695454120636
6.93,0,0.0325,0.14,"R = 0.0325, L = 0.14",0.6180166006088257,-0.2501695454120636
6.94,0,0.0325,0.14,"R = 0.0325, L = 0.14",0.6180166006088257,-0.2501695454120636
6.95,0,0.0325,0.14,"R = 0.0325, L = 0.14",0.6180166006088257,-0.2501695454120636
6.96,0,0.0325,0.14,"R = 0.0325, L = 0.14",0.6180166006088257,-0.2501695454120636
6.97,0,0.0325,0.14,"R = 0.0325, L = 0.14",0.6180166006088257,-0.2501695454120636
6.98,0,0.0325,0.14,"R = 0.0325, L = 0.14",0.6180166006088257,-0.2501695454120636
6.99,0,0.0325,0.14,"R = 0.0325, L = 0.14",0.6180166006088257,-0.2501695454120636
7.0,0,0.0325,0.14,"R = 0.0325, L = 0.14",0.6180166006088257,-0.2501695454120636
7.01,0,0.0325,0.14,"R = 0.0325, L = 0.14",0.6180166006088257,-0.2501695454120636
7.0200000000000005,0,0.0325,0.14,"R = 0.0325, L = 0.14",0.6180166006088257,-0.2501695454120636
7.03,0,0.0325,0.14,"R = 0.0325, L = 0.14",0.6180166006088257,-0.2501695454120636
7.04,0,0.0325,0.14,"R = 0.0325, L = 0.14",0.6180166006088257,-0.2501695454120636
7.05,0,0.0325,0.14,"R = 0.0325, L = 0.14",0.6180166006088257,-0.2501695454120636
7.0600000000000005,0,0.0325,0.14,"R = 0.0325, L = 0.14",0.6180166006088257,-0.2501695454120636
7.07,0,0.0325,0.14,"R = 0.0325, L = 0.14",0.6180166006088257,-0.2501695454120636
7.08,0,0.0325,0.14,"R = 0.0325, L = 0.14",0.6180166006088257,-0.2501695454120636
7.09,0,0.0325,0.14,"R = 0.0325, L = 0.14",0.6180166006088257,-0.2501695454120636
7.1000000000000005,0,0.0325,0.14,"R = 0.0325, L = 0.14",0.6180166006088257,-0.2501695454120636
7.11,0,0.0325,0.14,"R = 0.0325, L = 0.14",0.6180166006088257,-0.2501695454120636
7.12,0,0.0325,0.14,"R = 0.0325, L = 0.14",0.6180166006088257,-0.2501695454120636
7.13,0,0.0325,0.14,"R = 0.0325, L = 0.14",0.6180166006088257,-0.2501695454120636
7.140000000000001,0,0.0325,0.14,"R = 0.0325, L = 0.14",0.6180166006088257,-0.2501695454120636
7.15,0,0.0325,0.14,"R = 0.0325, L = 0.14",0.6180166006088257,-0.2501695454120636
7.16,0,0.0325,0.14,"R = 0.0325, L = 0.14",0.6180166006088257,-0.2501695454120636
7.17,0,0.0325,0.14,"R = 0.0325, L = 0.14",0.6180166006088257,-0.2501695454120636
7.18,0,0.0325,0.14,"R = 0.0325, L = 0.14",0.6180166006088257,-0.2501695454120636
7.19,0,0.0325,0.14,"R = 0.0325, L = 0.14",0.6180166006088257,-0.2501695454120636
7.2,0,0.0325,0.14,"R = 0.0325, L = 0.14",0.6180166006088257,-0.2501695454120636
7.21,0,0.0325,0.14,"R = 0.0325, L = 0.14",0.6180166006088257,-0.2501695454120636
7.22,0,0.0325,0.14,"R = 0.0325, L = 0.14",0.6180166006088257,-0.2501695454120636
7.23,0,0.0325,0.14,"R = 0.0325, L = 0.14",0.6180166006088257,-0.2501695454120636
7.24,0,0.0325,0.14,"R = 0.0325, L = 0.14",0.6180166006088257,-0.2501695454120636
7.25,0,0.0325,0.14,"R = 0.0325, L = 0.14",0.6180166006088257,-0.2501695454120636
7.26,0,0.0325,0.14,"R = 0.0325, L = 0.14",0.6180166006088257,-0.2501695454120636
7.2700000000000005,0,0.0325,0.14,"R = 0.0325, L = 0.14",0.6180166006088257,-0.2501695454120636
7.28,0,0.0325,0.14,"R = 0.0325, L = 0.14",0.6180166006088257,-0.2501695454120636
7.29,0,0.0325,0.14,"R = 0.0325, L = 0.14",0.6180166006088257,-0.2501695454120636
7.3,0,0.0325,0.14,"R = 0.0325, L = 0.14",0.6180166006088257,-0.2501695454120636
7.3100000000000005,0,0.0325,0.14,"R = 0.0325, L = 0.14",0.6180166006088257,-0.2501695454120636
7.32,0,0.0325,0.14,"R = 0.0325, L = 0.14",0.6180166006088257,-0.2501695454120636
7.33,0,0.0325,0.14,"R = 0.0325, L = 0.14",0.6180166006088257,-0.2501695454120636
7.34,0,0.0325,0.14,"R = 0.0325, L = 0.14",0.6180166006088257,-0.2501695454120636
7.3500000000000005,0,0.0325,0.14,"R = 0.0325, L = 0.14",0.6180166006088257,-0.2501695454120636
7.36,0,0.0325,0.14,"R = 0.0325, L = 0.14",0.6180166006088257,-0.2501695454120636
7.37,0,0.0325,0.14,"R = 0.0325, L = 0.14",0.6180166006088257,-0.2501695454120636
7.38,0,0.0325,0.14,"R = 0.0325, L = 0.14",0.6180166006088257,-0.2501695454120636
7.390000000000001,0,0.0325,0.14,"R = 0.0325, L = 0.14",0.6180166006088257,-0.2501695454120636
7.4,0,0.0325,0.14,"R = 0.0325, L = 0.14",0.6180166006088257,-0.2501695454120636
7.41,0,0.0325,0.14,"R = 0.0325, L = 0.14",0.6180166006088257,-0.2501695454120636
7.42,0,0.0325,0.14,"R = 0.0325, L = 0.14",0.6180166006088257,-0.2501695454120636
7.43,0,0.0325,0.14,"R = 0.0325, L = 0.14",0.6180166006088257,-0.2501695454120636
7.44,0,0.0325,0.14,"R = 0.0325, L = 0.14",0.6180166006088257,-0.2501695454120636
7.45,0,0.0325,0.14,"R = 0.0325, L = 0.14",0.6180166006088257,-0.2501695454120636
7.46,0,0.0325,0.14,"R = 0.0325, L = 0.14",0.6180166006088257,-0.2501695454120636
7.47,0,0.0325,0.14,"R = 0.0325, L = 0.14",0.6180166006088257,-0.2501695454120636
7.48,0,0.0325,0.14,"R = 0.0325, L = 0.14",0.6180166006088257,-0.2501695454120636
7.49,0,0.0325,0.14,"R = 0.0325, L = 0.14",0.6180166006088257,-0.2501695454120636
7.5,0,0.0325,0.14,"R = 0.0325, L = 0.14",0.6180166006088257,-0.2501695454120636
7.51,0,0.0325,0.14,"R = 0.0325, L = 0.14",0.6180166006088257,-0.2501695454120636
7.5200000000000005,0,0.0325,0.14,"R = 0.0325, L = 0.14",0.6180166006088257,-0.2501695454120636
7.53,0,0.0325,0.14,"R = 0.0325, L = 0.14",0.6180166006088257,-0.2501695454120636
7.54,0,0.0325,0.14,"R = 0.0325, L = 0.14",0.6180166006088257,-0.2501695454120636
7.55,0,0.0325,0.14,"R = 0.0325, L = 0.14",0.6180166006088257,-0.2501695454120636
7.5600000000000005,0,0.0325,0.14,"R = 0.0325, L = 0.14",0.6180166006088257,-0.2501695454120636
7.57,0,0.0325,0.14,"R = 0.0325, L = 0.14",0.6180166006088257,-0.2501695454120636
7.58,0,0.0325,0.14,"R = 0.0325, L = 0.14",0.6180166006088257,-0.2501695454120636
7.59,0,0.0325,0.14,"R = 0.0325, L = 0.14",0.6180166006088257,-0.2501695454120636
7.6000000000000005,0,0.0325,0.14,"R = 0.0325, L = 0.14",0.6180166006088257,-0.2501695454120636
7.61,0,0.0325,0.14,"R = 0.0325, L = 0.14",0.6180166006088257,-0.2501695454120636
7.62,0,0.0325,0.14,"R = 0.0325, L = 0.14",0.6180166006088257,-0.2501695454120636
7.63,0,0.0325,0.14,"R = 0.0325, L = 0.14",0.6180166006088257,-0.2501695454120636
7.640000000000001,0,0.0325,0.14,"R = 0.0325, L = 0.14",0.6180166006088257,-0.2501695454120636
7.65,0,0.0325,0.14,"R = 0.0325, L = 0.14",0.6180166006088257,-0.2501695454120636
7.66,0,0.0325,0.14,"R = 0.0325, L = 0.14",0.6180166006088257,-0.2501695454120636
7.67,0,0.0325,0.14,"R = 0.0325, L = 0.14",0.6180166006088257,-0.2501695454120636
7.68,0,0.0325,0.14,"R = 0.0325, L = 0.14",0.6180166006088257,-0.2501695454120636
7.69,0,0.0325,0.14,"R = 0.0325, L = 0.14",0.6180166006088257,-0.2501695454120636
7.7,0,0.0325,0.14,"R = 0.0325, L = 0.14",0.6180166006088257,-0.2501695454120636
7.71,0,0.0325,0.14,"R = 0.0325, L = 0.14",0.6180166006088257,-0.2501695454120636
7.72,0,0.0325,0.14,"R = 0.0325, L = 0.14",0.6180166006088257,-0.2501695454120636
7.73,0,0.0325,0.14,"R = 0.0325, L = 0.14",0.6180166006088257,-0.2501695454120636
7.74,0,0.0325,0.14,"R = 0.0325, L = 0.14",0.6180166006088257,-0.2501695454120636
7.75,0,0.0325,0.14,"R = 0.0325, L = 0.14",0.6180166006088257,-0.2501695454120636
7.76,0,0.0325,0.14,"R = 0.0325, L = 0.14",0.6180166006088257,-0.2501695454120636
7.7700000000000005,0,0.0325,0.14,"R = 0.0325, L = 0.14",0.6180166006088257,-0.2501695454120636
7.78,0,0.0325,0.14,"R = 0.0325, L = 0.14",0.6180166006088257,-0.2501695454120636
7.79,0,0.0325,0.14,"R = 0.0325, L = 0.14",0.6180166006088257,-0.2501695454120636
7.8,0,0.0325,0.14,"R = 0.0325, L = 0.14",0.6180166006088257,-0.2501695454120636
7.8100000000000005,0,0.0325,0.14,"R = 0.0325, L = 0.14",0.6180166006088257,-0.2501695454120636
7.82,0,0.0325,0.14,"R = 0.0325, L = 0.14",0.6180166006088257,-0.2501695454120636
7.83,0,0.0325,0.14,"R = 0.0325, L = 0.14",0.6180166006088257,-0.2501695454120636
7.84,0,0.0325,0.14,"R = 0.0325, L = 0.14",0.6180166006088257,-0.2501695454120636
7.8500000000000005,0,0.0325,0.14,"R = 0.0325, L = 0.14",0.6180166006088257,-0.2501695454120636
7.86,0,0.0325,0.14,"R = 0.0325, L = 0.14",0.6180166006088257,-0.2501695454120636
7.87,0,0.0325,0.14,"R = 0.0325, L = 0.14",0.6180166006088257,-0.2501695454120636
7.88,0,0.0325,0.14,"R = 0.0325, L = 0.14",0.6180166006088257,-0.2501695454120636
7.890000000000001,0,0.0325,0.14,"R = 0.0325, L = 0.14",0.6180166006088257,-0.2501695454120636
7.9,0,0.0325,0.14,"R = 0.0325, L = 0.14",0.6180166006088257,-0.2501695454120636
7.91,0,0.0325,0.14,"R = 0.0325, L = 0.14",0.6180166006088257,-0.2501695454120636
7.92,0,0.0325,0.14,"R = 0.0325, L = 0.14",0.6180166006088257,-0.2501695454120636
7.930000000000001,0,0.0325,0.14,"R = 0.0325, L = 0.14",0.6180166006088257,-0.2501695454120636
7.94,0,0.0325,0.14,"R = 0.0325, L = 0.14",0.6180166006088257,-0.2501695454120636
7.95,0,0.0325,0.14,"R = 0.0325, L = 0.14",0.6180166006088257,-0.2501695454120636
7.96,0,0.0325,0.14,"R = 0.0325, L = 0.14",0.6180166006088257,-0.2501695454120636
7.97,0,0.0325,0.14,"R = 0.0325, L = 0.14",0.6180166006088257,-0.2501695454120636
7.98,0,0.0325,0.14,"R = 0.0325, L = 0.14",0.6180166006088257,-0.2501695454120636
7.99,0,0.0325,0.14,"R = 0.0325, L = 0.14",0.6180166006088257,-0.2501695454120636
8.0,0,0.0325,0.14,"R = 0.0325, L = 0.14",0.6180166006088257,-0.2501695454120636
8.01,0,0.0325,0.14,"R = 0.0325, L = 0.14",0.6180166006088257,-0.2501695454120636
8.02,0,0.0325,0.14,"R = 0.0325, L = 0.14",0.6180166006088257,-0.2501695454120636
8.03,0,0.0325,0.14,"R = 0.0325, L = 0.14",0.6180166006088257,-0.2501695454120636
8.040000000000001,0,0.0325,0.14,"R = 0.0325, L = 0.14",0.6180166006088257,-0.2501695454120636
8.05,0,0.0325,0.14,"R = 0.0325, L = 0.14",0.6180166006088257,-0.2501695454120636
8.06,0,0.0325,0.14,"R = 0.0325, L = 0.14",0.6180166006088257,-0.2501695454120636
8.07,0,0.0325,0.14,"R = 0.0325, L = 0.14",0.6180166006088257,-0.2501695454120636
8.08,0,0.0325,0.14,"R = 0.0325, L = 0.14",0.6180166006088257,-0.2501695454120636
8.09,0,0.0325,0.14,"R = 0.0325, L = 0.14",0.6180166006088257,-0.2501695454120636
8.1,0,0.0325,0.14,"R = 0.0325, L = 0.14",0.6180166006088257,-0.2501695454120636
8.11,0,0.0325,0.14,"R = 0.0325, L = 0.14",0.6180166006088257,-0.2501695454120636
8.120000000000001,0,0.0325,0.14,"R = 0.0325, L = 0.14",0.6180166006088257,-0.2501695454120636
8.13,0,0.0325,0.14,"R = 0.0325, L = 0.14",0.6180166006088257,-0.2501695454120636
8.14,0,0.0325,0.14,"R = 0.0325, L = 0.14",0.6180166006088257,-0.2501695454120636
8.15,0,0.0325,0.14,"R = 0.0325, L = 0.14",0.6180166006088257,-0.2501695454120636
8.16,0,0.0325,0.14,"R = 0.0325, L = 0.14",0.6180166006088257,-0.2501695454120636
8.17,0,0.0325,0.14,"R = 0.0325, L = 0.14",0.6180166006088257,-0.2501695454120636
8.18,0,0.0325,0.14,"R = 0.0325, L = 0.14",0.6180166006088257,-0.2501695454120636
8.19,0,0.0325,0.14,"R = 0.0325, L = 0.14",0.6180166006088257,-0.2501695454120636
8.2,0,0.0325,0.14,"R = 0.0325, L = 0.14",0.6180166006088257,-0.2501695454120636
8.21,0,0.0325,0.14,"R = 0.0325, L = 0.14",0.6180166006088257,-0.2501695454120636
8.22,0,0.0325,0.14,"R = 0.0325, L = 0.14",0.6180166006088257,-0.2501695454120636
8.23,0,0.0325,0.14,"R = 0.0325, L = 0.14",0.6180166006088257,-0.2501695454120636
8.24,0,0.0325,0.14,"R = 0.0325, L = 0.14",0.6180166006088257,-0.2501695454120636
8.25,0,0.0325,0.14,"R = 0.0325, L = 0.14",0.6180166006088257,-0.2501695454120636
8.26,0,0.0325,0.14,"R = 0.0325, L = 0.14",0.6180166006088257,-0.2501695454120636
8.27,0,0.0325,0.14,"R = 0.0325, L = 0.14",0.6180166006088257,-0.2501695454120636
8.28,0,0.0325,0.14,"R = 0.0325, L = 0.14",0.6180166006088257,-0.2501695454120636
8.290000000000001,0,0.0325,0.14,"R = 0.0325, L = 0.14",0.6180166006088257,-0.2501695454120636
8.3,0,0.0325,0.14,"R = 0.0325, L = 0.14",0.6180166006088257,-0.2501695454120636
8.31,0,0.0325,0.14,"R = 0.0325, L = 0.14",0.6180166006088257,-0.2501695454120636
8.32,0,0.0325,0.14,"R = 0.0325, L = 0.14",0.6180166006088257,-0.2501695454120636
8.33,0,0.0325,0.14,"R = 0.0325, L = 0.14",0.6180166006088257,-0.2501695454120636
8.34,0,0.0325,0.14,"R = 0.0325, L = 0.14",0.6180166006088257,-0.2501695454120636
8.35,0,0.0325,0.14,"R = 0.0325, L = 0.14",0.6180166006088257,-0.2501695454120636
8.36,0,0.0325,0.14,"R = 0.0325, L = 0.14",0.6180166006088257,-0.2501695454120636
8.370000000000001,0,0.0325,0.14,"R = 0.0325, L = 0.14",0.6180166006088257,-0.2501695454120636
8.38,0,0.0325,0.14,"R = 0.0325, L = 0.14",0.6180166006088257,-0.2501695454120636
8.39,0,0.0325,0.14,"R = 0.0325, L = 0.14",0.6180166006088257,-0.2501695454120636
8.4,0,0.0325,0.14,"R = 0.0325, L = 0.14",0.6180166006088257,-0.2501695454120636
8.41,0,0.0325,0.14,"R = 0.0325, L = 0.14",0.6180166006088257,-0.2501695454120636
8.42,0,0.0325,0.14,"R = 0.0325, L = 0.14",0.6180166006088257,-0.2501695454120636
8.43,0,0.0325,0.14,"R = 0.0325, L = 0.14",0.6180166006088257,-0.2501695454120636
8.44,0,0.0325,0.14,"R = 0.0325, L = 0.14",0.6180166006088257,-0.2501695454120636
8.45,0,0.0325,0.14,"R = 0.0325, L = 0.14",0.6180166006088257,-0.2501695454120636
8.46,0,0.0325,0.14,"R = 0.0325, L = 0.14",0.6180166006088257,-0.2501695454120636
8.47,0,0.0325,0.14,"R = 0.0325, L = 0.14",0.6180166006088257,-0.2501695454120636
8.48,0,0.0325,0.14,"R = 0.0325, L = 0.14",0.6180166006088257,-0.2501695454120636
8.49,0,0.0325,0.14,"R = 0.0325, L = 0.14",0.6180166006088257,-0.2501695454120636
8.5,0,0.0325,0.14,"R = 0.0325, L = 0.14",0.6180166006088257,-0.2501695454120636
8.51,0,0.0325,0.14,"R = 0.0325, L = 0.14",0.6180166006088257,-0.2501695454120636
8.52,0,0.0325,0.14,"R = 0.0325, L = 0.14",0.6180166006088257,-0.2501695454120636
8.53,0,0.0325,0.14,"R = 0.0325, L = 0.14",0.6180166006088257,-0.2501695454120636
8.540000000000001,0,0.0325,0.14,"R = 0.0325, L = 0.14",0.6180166006088257,-0.2501695454120636
8.55,0,0.0325,0.14,"R = 0.0325, L = 0.14",0.6180166006088257,-0.2501695454120636
8.56,0,0.0325,0.14,"R = 0.0325, L = 0.14",0.6180166006088257,-0.2501695454120636
8.57,0,0.0325,0.14,"R = 0.0325, L = 0.14",0.6180166006088257,-0.2501695454120636
8.58,0,0.0325,0.14,"R = 0.0325, L = 0.14",0.6180166006088257,-0.2501695454120636
8.59,0,0.0325,0.14,"R = 0.0325, L = 0.14",0.6180166006088257,-0.2501695454120636
8.6,0,0.0325,0.14,"R = 0.0325, L = 0.14",0.6180166006088257,-0.2501695454120636
8.61,0,0.0325,0.14,"R = 0.0325, L = 0.14",0.6180166006088257,-0.2501695454120636
8.620000000000001,0,0.0325,0.14,"R = 0.0325, L = 0.14",0.6180166006088257,-0.2501695454120636
8.63,0,0.0325,0.14,"R = 0.0325, L = 0.14",0.6180166006088257,-0.2501695454120636
8.64,0,0.0325,0.14,"R = 0.0325, L = 0.14",0.6180166006088257,-0.2501695454120636
8.65,0,0.0325,0.14,"R = 0.0325, L = 0.14",0.6180166006088257,-0.2501695454120636
8.66,0,0.0325,0.14,"R = 0.0325, L = 0.14",0.6180166006088257,-0.2501695454120636
8.67,0,0.0325,0.14,"R = 0.0325, L = 0.14",0.6180166006088257,-0.2501695454120636
8.68,0,0.0325,0.14,"R = 0.0325, L = 0.14",0.6180166006088257,-0.2501695454120636
8.69,0,0.0325,0.14,"R = 0.0325, L = 0.14",0.6180166006088257,-0.2501695454120636
8.700000000000001,0,0.0325,0.14,"R = 0.0325, L = 0.14",0.6180166006088257,-0.2501695454120636
8.71,0,0.0325,0.14,"R = 0.0325, L = 0.14",0.6180166006088257,-0.2501695454120636
8.72,0,0.0325,0.14,"R = 0.0325, L = 0.14",0.6180166006088257,-0.2501695454120636
8.73,0,0.0325,0.14,"R = 0.0325, L = 0.14",0.6180166006088257,-0.2501695454120636
8.74,0,0.0325,0.14,"R = 0.0325, L = 0.14",0.6180166006088257,-0.2501695454120636
8.75,0,0.0325,0.14,"R = 0.0325, L = 0.14",0.6180166006088257,-0.2501695454120636
8.76,0,0.0325,0.14,"R = 0.0325, L = 0.14",0.6180166006088257,-0.2501695454120636
8.77,0,0.0325,0.14,"R = 0.0325, L = 0.14",0.6180166006088257,-0.2501695454120636
8.78,0,0.0325,0.14,"R = 0.0325, L = 0.14",0.6180166006088257,-0.2501695454120636
8.790000000000001,0,0.0325,0.14,"R = 0.0325, L = 0.14",0.6180166006088257,-0.2501695454120636
8.8,0,0.0325,0.14,"R = 0.0325, L = 0.14",0.6180166006088257,-0.2501695454120636
8.81,0,0.0325,0.14,"R = 0.0325, L = 0.14",0.6180166006088257,-0.2501695454120636
8.82,0,0.0325,0.14,"R = 0.0325, L = 0.14",0.6180166006088257,-0.2501695454120636
8.83,0,0.0325,0.14,"R = 0.0325, L = 0.14",0.6180166006088257,-0.2501695454120636
8.84,0,0.0325,0.14,"R = 0.0325, L = 0.14",0.6180166006088257,-0.2501695454120636
8.85,0,0.0325,0.14,"R = 0.0325, L = 0.14",0.6180166006088257,-0.2501695454120636
8.86,0,0.0325,0.14,"R = 0.0325, L = 0.14",0.6180166006088257,-0.2501695454120636
8.870000000000001,0,0.0325,0.14,"R = 0.0325, L = 0.14",0.6180166006088257,-0.2501695454120636
8.88,0,0.0325,0.14,"R = 0.0325, L = 0.14",0.6180166006088257,-0.2501695454120636
8.89,0,0.0325,0.14,"R = 0.0325, L = 0.14",0.6180166006088257,-0.2501695454120636
8.9,0,0.0325,0.14,"R = 0.0325, L = 0.14",0.6180166006088257,-0.2501695454120636
8.91,0,0.0325,0.14,"R = 0.0325, L = 0.14",0.6180166006088257,-0.2501695454120636
8.92,0,0.0325,0.14,"R = 0.0325, L = 0.14",0.6180166006088257,-0.2501695454120636
8.93,0,0.0325,0.14,"R = 0.0325, L = 0.14",0.6180166006088257,-0.2501695454120636
8.94,0,0.0325,0.14,"R = 0.0325, L = 0.14",0.6180166006088257,-0.2501695454120636
8.950000000000001,0,0.0325,0.14,"R = 0.0325, L = 0.14",0.6180166006088257,-0.2501695454120636
8.96,0,0.0325,0.14,"R = 0.0325, L = 0.14",0.6180166006088257,-0.2501695454120636
8.97,0,0.0325,0.14,"R = 0.0325, L = 0.14",0.6180166006088257,-0.2501695454120636
8.98,0,0.0325,0.14,"R = 0.0325, L = 0.14",0.6180166006088257,-0.2501695454120636
8.99,0,0.0325,0.14,"R = 0.0325, L = 0.14",0.6180166006088257,-0.2501695454120636
9.0,0,0.0325,0.14,"R = 0.0325, L = 0.14",0.6180166006088257,-0.2501695454120636
9.01,0,0.0325,0.14,"R = 0.0325, L = 0.14",0.6180166006088257,-0.2501695454120636
9.02,0,0.0325,0.14,"R = 0.0325, L = 0.14",0.6180166006088257,-0.2501695454120636
9.03,0,0.0325,0.14,"R = 0.0325, L = 0.14",0.6180166006088257,-0.2501695454120636
9.040000000000001,0,0.0325,0.14,"R = 0.0325, L = 0.14",0.6180166006088257,-0.2501695454120636
9.05,0,0.0325,0.14,"R = 0.0325, L = 0.14",0.6180166006088257,-0.2501695454120636
9.06,0,0.0325,0.14,"R = 0.0325, L = 0.14",0.6180166006088257,-0.2501695454120636
9.07,0,0.0325,0.14,"R = 0.0325, L = 0.14",0.6180166006088257,-0.2501695454120636
9.08,0,0.0325,0.14,"R = 0.0325, L = 0.14",0.6180166006088257,-0.2501695454120636
9.09,0,0.0325,0.14,"R = 0.0325, L = 0.14",0.6180166006088257,-0.2501695454120636
9.1,0,0.0325,0.14,"R = 0.0325, L = 0.14",0.6180166006088257,-0.2501695454120636
9.11,0,0.0325,0.14,"R = 0.0325, L = 0.14",0.6180166006088257,-0.2501695454120636
9.120000000000001,0,0.0325,0.14,"R = 0.0325, L = 0.14",0.6180166006088257,-0.2501695454120636
9.13,0,0.0325,0.14,"R = 0.0325, L = 0.14",0.6180166006088257,-0.2501695454120636
9.14,0,0.0325,0.14,"R = 0.0325, L = 0.14",0.6180166006088257,-0.2501695454120636
9.15,0,0.0325,0.14,"R = 0.0325, L = 0.14",0.6180166006088257,-0.2501695454120636
9.16,0,0.0325,0.14,"R = 0.0325, L = 0.14",0.6180166006088257,-0.2501695454120636
9.17,0,0.0325,0.14,"R = 0.0325, L = 0.14",0.6180166006088257,-0.2501695454120636
9.18,0,0.0325,0.14,"R = 0.0325, L = 0.14",0.6180166006088257,-0.2501695454120636
9.19,0,0.0325,0.14,"R = 0.0325, L = 0.14",0.6180166006088257,-0.2501695454120636
9.200000000000001,0,0.0325,0.14,"R = 0.0325, L = 0.14",0.6180166006088257,-0.2501695454120636
9.21,0,0.0325,0.14,"R = 0.0325, L = 0.14",0.6180166006088257,-0.2501695454120636
9.22,0,0.0325,0.14,"R = 0.0325, L = 0.14",0.6180166006088257,-0.2501695454120636
9.23,0,0.0325,0.14,"R = 0.0325, L = 0.14",0.6180166006088257,-0.2501695454120636
9.24,0,0.0325,0.14,"R = 0.0325, L = 0.14",0.6180166006088257,-0.2501695454120636
9.25,0,0.0325,0.14,"R = 0.0325, L = 0.14",0.6180166006088257,-0.2501695454120636
9.26,0,0.0325,0.14,"R = 0.0325, L = 0.14",0.6180166006088257,-0.2501695454120636
9.27,0,0.0325,0.14,"R = 0.0325, L = 0.14",0.6180166006088257,-0.2501695454120636
9.28,0,0.0325,0.14,"R = 0.0325, L = 0.14",0.6180166006088257,-0.2501695454120636
9.290000000000001,0,0.0325,0.14,"R = 0.0325, L = 0.14",0.6180166006088257,-0.2501695454120636
9.3,0,0.0325,0.14,"R = 0.0325, L = 0.14",0.6180166006088257,-0.2501695454120636
9.31,0,0.0325,0.14,"R = 0.0325, L = 0.14",0.6180166006088257,-0.2501695454120636
9.32,0,0.0325,0.14,"R = 0.0325, L = 0.14",0.6180166006088257,-0.2501695454120636
9.33,0,0.0325,0.14,"R = 0.0325, L = 0.14",0.6180166006088257,-0.2501695454120636
9.34,0,0.0325,0.14,"R = 0.0325, L = 0.14",0.6180166006088257,-0.2501695454120636
9.35,0,0.0325,0.14,"R = 0.0325, L = 0.14",0.6180166006088257,-0.2501695454120636
9.36,0,0.0325,0.14,"R = 0.0325, L = 0.14",0.6180166006088257,-0.2501695454120636
9.370000000000001,0,0.0325,0.14,"R = 0.0325, L = 0.14",0.6180166006088257,-0.2501695454120636
9.38,0,0.0325,0.14,"R = 0.0325, L = 0.14",0.6180166006088257,-0.2501695454120636
9.39,0,0.0325,0.14,"R = 0.0325, L = 0.14",0.6180166006088257,-0.2501695454120636
9.4,0,0.0325,0.14,"R = 0.0325, L = 0.14",0.6180166006088257,-0.2501695454120636
9.41,0,0.0325,0.14,"R = 0.0325, L = 0.14",0.6180166006088257,-0.2501695454120636
9.42,0,0.0325,0.14,"R = 0.0325, L = 0.14",0.6180166006088257,-0.2501695454120636
9.43,0,0.0325,0.14,"R = 0.0325, L = 0.14",0.6180166006088257,-0.2501695454120636
9.44,0,0.0325,0.14,"R = 0.0325, L = 0.14",0.6180166006088257,-0.2501695454120636
9.450000000000001,0,0.0325,0.14,"R = 0.0325, L = 0.14",0.6180166006088257,-0.2501695454120636
9.46,0,0.0325,0.14,"R = 0.0325, L = 0.14",0.6180166006088257,-0.2501695454120636
9.47,0,0.0325,0.14,"R = 0.0325, L = 0.14",0.6180166006088257,-0.2501695454120636
9.48,0,0.0325,0.14,"R = 0.0325, L = 0.14",0.6180166006088257,-0.2501695454120636
9.49,0,0.0325,0.14,"R = 0.0325, L = 0.14",0.6180166006088257,-0.2501695454120636
9.5,0,0.0325,0.14,"R = 0.0325, L = 0.14",0.6180166006088257,-0.2501695454120636
9.51,0,0.0325,0.14,"R = 0.0325, L = 0.14",0.6180166006088257,-0.2501695454120636
9.52,0,0.0325,0.14,"R = 0.0325, L = 0.14",0.6180166006088257,-0.2501695454120636
9.53,0,0.0325,0.14,"R = 0.0325, L = 0.14",0.6180166006088257,-0.2501695454120636
9.540000000000001,0,0.0325,0.14,"R = 0.0325, L = 0.14",0.6180166006088257,-0.2501695454120636
9.55,0,0.0325,0.14,"R = 0.0325, L = 0.14",0.6180166006088257,-0.2501695454120636
9.56,0,0.0325,0.14,"R = 0.0325, L = 0.14",0.6180166006088257,-0.2501695454120636
9.57,0,0.0325,0.14,"R = 0.0325, L = 0.14",0.6180166006088257,-0.2501695454120636
9.58,0,0.0325,0.14,"R = 0.0325, L = 0.14",0.6180166006088257,-0.2501695454120636
9.59,0,0.0325,0.14,"R = 0.0325, L = 0.14",0.6180166006088257,-0.2501695454120636
9.6,0,0.0325,0.14,"R = 0.0325, L = 0.14",0.6180166006088257,-0.2501695454120636
9.61,0,0.0325,0.14,"R = 0.0325, L = 0.14",0.6180166006088257,-0.2501695454120636
9.620000000000001,0,0.0325,0.14,"R = 0.0325, L = 0.14",0.6180166006088257,-0.2501695454120636
9.63,0,0.0325,0.14,"R = 0.0325, L = 0.14",0.6180166006088257,-0.2501695454120636
9.64,0,0.0325,0.14,"R = 0.0325, L = 0.14",0.6180166006088257,-0.2501695454120636
9.65,0,0.0325,0.14,"R = 0.0325, L = 0.14",0.6180166006088257,-0.2501695454120636
9.66,0,0.0325,0.14,"R = 0.0325, L = 0.14",0.6180166006088257,-0.2501695454120636
9.67,0,0.0325,0.14,"R = 0.0325, L = 0.14",0.6180166006088257,-0.2501695454120636
9.68,0,0.0325,0.14,"R = 0.0325, L = 0.14",0.6180166006088257,-0.2501695454120636
9.69,0,0.0325,0.14,"R = 0.0325, L = 0.14",0.6180166006088257,-0.2501695454120636
9.700000000000001,0,0.0325,0.14,"R = 0.0325, L = 0.14",0.6180166006088257,-0.2501695454120636
9.71,0,0.0325,0.14,"R = 0.0325, L = 0.14",0.6180166006088257,-0.2501695454120636
9.72,0,0.0325,0.14,"R = 0.0325, L = 0.14",0.6180166006088257,-0.2501695454120636
9.73,0,0.0325,0.14,"R = 0.0325, L = 0.14",0.6180166006088257,-0.2501695454120636
9.74,0,0.0325,0.14,"R = 0.0325, L = 0.14",0.6180166006088257,-0.2501695454120636
9.75,0,0.0325,0.14,"R = 0.0325, L = 0.14",0.6180166006088257,-0.2501695454120636
9.76,0,0.0325,0.14,"R = 0.0325, L = 0.14",0.6180166006088257,-0.2501695454120636
9.77,0,0.0325,0.14,"R = 0.0325, L = 0.14",0.6180166006088257,-0.2501695454120636
9.78,0,0.0325,0.14,"R = 0.0325, L = 0.14",0.6180166006088257,-0.2501695454120636
9.790000000000001,0,0.0325,0.14,"R = 0.0325, L = 0.14",0.6180166006088257,-0.2501695454120636
9.8,0,0.0325,0.14,"R = 0.0325, L = 0.14",0.6180166006088257,-0.2501695454120636
9.81,0,0.0325,0.14,"R = 0.0325, L = 0.14",0.6180166006088257,-0.2501695454120636
9.82,0,0.0325,0.14,"R = 0.0325, L = 0.14",0.6180166006088257,-0.2501695454120636
9.83,0,0.0325,0.14,"R = 0.0325, L = 0.14",0.6180166006088257,-0.2501695454120636
9.84,0,0.0325,0.14,"R = 0.0325, L = 0.14",0.6180166006088257,-0.2501695454120636
9.85,0,0.0325,0.14,"R = 0.0325, L = 0.14",0.6180166006088257,-0.2501695454120636
9.86,0,0.0325,0.14,"R = 0.0325, L = 0.14",0.6180166006088257,-0.2501695454120636
9.870000000000001,0,0.0325,0.14,"R = 0.0325, L = 0.14",0.6180166006088257,-0.2501695454120636
9.88,0,0.0325,0.14,"R = 0.0325, L = 0.14",0.6180166006088257,-0.2501695454120636
9.89,0,0.0325,0.14,"R = 0.0325, L = 0.14",0.6180166006088257,-0.2501695454120636
9.9,0,0.0325,0.14,"R = 0.0325, L = 0.14",0.6180166006088257,-0.2501695454120636
9.91,0,0.0325,0.14,"R = 0.0325, L = 0.14",0.6180166006088257,-0.2501695454120636
9.92,0,0.0325,0.14,"R = 0.0325, L = 0.14",0.6180166006088257,-0.2501695454120636
9.93,0,0.0325,0.14,"R = 0.0325, L = 0.14",0.6180166006088257,-0.2501695454120636
9.94,0,0.0325,0.14,"R = 0.0325, L = 0.14",0.6180166006088257,-0.2501695454120636
9.950000000000001,0,0.0325,0.14,"R = 0.0325, L = 0.14",0.6180166006088257,-0.2501695454120636
9.96,0,0.0325,0.14,"R = 0.0325, L = 0.14",0.6180166006088257,-0.2501695454120636
9.97,0,0.0325,0.14,"R = 0.0325, L = 0.14",0.6180166006088257,-0.2501695454120636
9.98,0,0.0325,0.14,"R = 0.0325, L = 0.14",0.6180166006088257,-0.2501695454120636
