$x$,$y$,L,Parameters,R,Simulation,t
-4.0,4.0,0.14,"R = 0.0325, L = 0.14",0.0325,0,0.0
-3.98876690864563,4.0,0.14,"R = 0.0325, L = 0.14",0.0325,0,0.01
-3.9775426387786865,3.9995572566986084,0.14,"R = 0.0325, L = 0.14",0.0325,0,0.02
-3.9663445949554443,3.9986722469329834,0.14,"R = 0.0325, L = 0.14",0.0325,0,0.03
-3.9551901817321777,3.9973466396331787,0.14,"R = 0.0325, L = 0.14",0.0325,0,0.04
-3.944096565246582,3.995582342147827,0.14,"R = 0.0325, L = 0.14",0.0325,0,0.05
-3.9330811500549316,3.993381977081299,0.14,"R = 0.0325, L = 0.14",0.0325,0,0.06
-3.922161102294922,3.9907491207122803,0.14,"R = 0.0325, L = 0.14",0.0325,0,0.07
-3.911353349685669,3.987687826156616,0.14,"R = 0.0325, L = 0.14",0.0325,0,0.08
-3.90067458152771,3.9842028617858887,0.14,"R = 0.0325, L = 0.14",0.0325,0,0.09
-3.890141487121582,3.980299711227417,0.14,"R = 0.0325, L = 0.14",0.0325,0,0.1
-3.875264883041382,3.974109411239624,0.14,"R = 0.0325, L = 0.14",0.0325,0,0.11
-3.8604938983917236,3.9676713943481445,0.14,"R = 0.0325, L = 0.14",0.0325,0,0.12
-3.845832586288452,3.9609875679016113,0.14,"R = 0.0325, L = 0.14",0.0325,0,0.13
-3.831284999847412,3.954059600830078,0.14,"R = 0.0325, L = 0.14",0.0325,0,0.14
-3.8168551921844482,3.946889638900757,0.14,"R = 0.0325, L = 0.14",0.0325,0,0.15
-3.8025472164154053,3.9394795894622803,0.14,"R = 0.0325, L = 0.14",0.0325,0,0.16
-3.788364887237549,3.9318313598632812,0.14,"R = 0.0325, L = 0.14",0.0325,0,0.17
-3.7743124961853027,3.923947334289551,0.14,"R = 0.0325, L = 0.14",0.0325,0,0.18
-3.7603938579559326,3.915829658508301,0.14,"R = 0.0325, L = 0.14",0.0325,0,0.19
-3.746612787246704,3.907480478286743,0.14,"R = 0.0325, L = 0.14",0.0325,0,0.2
-3.7307190895080566,3.897484540939331,0.14,"R = 0.0325, L = 0.14",0.0325,0,0.21
-3.714890956878662,3.8873848915100098,0.14,"R = 0.0325, L = 0.14",0.0325,0,0.22
-3.699129343032837,3.8771817684173584,0.14,"R = 0.0325, L = 0.14",0.0325,0,0.23
-3.6834347248077393,3.8668758869171143,0.14,"R = 0.0325, L = 0.14",0.0325,0,0.24
-3.6678078174591064,3.8564674854278564,0.14,"R = 0.0325, L = 0.14",0.0325,0,0.25
-3.652249336242676,3.8459572792053223,0.14,"R = 0.0325, L = 0.14",0.0325,0,0.26
-3.6367599964141846,3.835345506668091,0.14,"R = 0.0325, L = 0.14",0.0325,0,0.27
-3.62134051322937,3.8246326446533203,0.14,"R = 0.0325, L = 0.14",0.0325,0,0.28
-3.6059913635253906,3.813819169998169,0.14,"R = 0.0325, L = 0.14",0.0325,0,0.29
-3.5907132625579834,3.802905321121216,0.14,"R = 0.0325, L = 0.14",0.0325,0,0.3
-3.5745153427124023,3.7911736965179443,0.14,"R = 0.0325, L = 0.14",0.0325,0,0.31
-3.5583531856536865,3.779393196105957,0.14,"R = 0.0325, L = 0.14",0.0325,0,0.32
-3.542226791381836,3.767563581466675,0.14,"R = 0.0325, L = 0.14",0.0325,0,0.33
-3.5261361598968506,3.755685329437256,0.14,"R = 0.0325, L = 0.14",0.0325,0,0.34
-3.5100817680358887,3.743758201599121,0.14,"R = 0.0325, L = 0.14",0.0325,0,0.35000000000000003
-3.49406361579895,3.7317826747894287,0.14,"R = 0.0325, L = 0.14",0.0325,0,0.36
-3.478081703186035,3.7197585105895996,0.14,"R = 0.0325, L = 0.14",0.0325,0,0.37
-3.4621362686157227,3.707685947418213,0.14,"R = 0.0325, L = 0.14",0.0325,0,0.38
-3.446227550506592,3.6955652236938477,0.14,"R = 0.0325, L = 0.14",0.0325,0,0.39
-3.4303555488586426,3.683396339416504,0.14,"R = 0.0325, L = 0.14",0.0325,0,0.4
-3.414520502090454,3.6711792945861816,0.14,"R = 0.0325, L = 0.14",0.0325,0,0.41000000000000003
-3.3987035751342773,3.6589388847351074,0.14,"R = 0.0325, L = 0.14",0.0325,0,0.42
-3.3829047679901123,3.6466751098632812,0.14,"R = 0.0325, L = 0.14",0.0325,0,0.43
-3.367124080657959,3.6343882083892822,0.14,"R = 0.0325, L = 0.14",0.0325,0,0.44
-3.3513615131378174,3.6220779418945312,0.14,"R = 0.0325, L = 0.14",0.0325,0,0.45
-3.3356173038482666,3.6097443103790283,0.14,"R = 0.0325, L = 0.14",0.0325,0,0.46
-3.3198912143707275,3.5973875522613525,0.14,"R = 0.0325, L = 0.14",0.0325,0,0.47000000000000003
-3.3041834831237793,3.585007429122925,0.14,"R = 0.0325, L = 0.14",0.0325,0,0.48
-3.288494110107422,3.572604179382324,0.14,"R = 0.0325, L = 0.14",0.0325,0,0.49
-3.272822856903076,3.560177803039551,0.14,"R = 0.0325, L = 0.14",0.0325,0,0.5
-3.2571702003479004,3.5477283000946045,0.14,"R = 0.0325, L = 0.14",0.0325,0,0.51
-3.241529941558838,3.5352630615234375,0.14,"R = 0.0325, L = 0.14",0.0325,0,0.52
-3.2259023189544678,3.52278208732605,0.14,"R = 0.0325, L = 0.14",0.0325,0,0.53
-3.210287094116211,3.5102853775024414,0.14,"R = 0.0325, L = 0.14",0.0325,0,0.54
-3.1946845054626465,3.4977729320526123,0.14,"R = 0.0325, L = 0.14",0.0325,0,0.55
-3.1790945529937744,3.4852447509765625,0.14,"R = 0.0325, L = 0.14",0.0325,0,0.56
-3.1635172367095947,3.472701072692871,0.14,"R = 0.0325, L = 0.14",0.0325,0,0.5700000000000001
-3.1479525566101074,3.460141658782959,0.14,"R = 0.0325, L = 0.14",0.0325,0,0.58
-3.1324005126953125,3.447566509246826,0.14,"R = 0.0325, L = 0.14",0.0325,0,0.59
-3.11686110496521,3.4349758625030518,0.14,"R = 0.0325, L = 0.14",0.0325,0,0.6
-3.1013343334198,3.4223694801330566,0.14,"R = 0.0325, L = 0.14",0.0325,0,0.61
-3.085819721221924,3.4097483158111572,0.14,"R = 0.0325, L = 0.14",0.0325,0,0.62
-3.070317029953003,3.3971123695373535,0.14,"R = 0.0325, L = 0.14",0.0325,0,0.63
-3.054826498031616,3.3844616413116455,0.14,"R = 0.0325, L = 0.14",0.0325,0,0.64
-3.0393481254577637,3.371795892715454,0.14,"R = 0.0325, L = 0.14",0.0325,0,0.65
-3.0238819122314453,3.3591153621673584,0.14,"R = 0.0325, L = 0.14",0.0325,0,0.66
-3.008427858352661,3.3464200496673584,0.14,"R = 0.0325, L = 0.14",0.0325,0,0.67
-2.992985963821411,3.333709955215454,0.14,"R = 0.0325, L = 0.14",0.0325,0,0.68
-2.9775562286376953,3.3209850788116455,0.14,"R = 0.0325, L = 0.14",0.0325,0,0.6900000000000001
-2.9621386528015137,3.3082454204559326,0.14,"R = 0.0325, L = 0.14",0.0325,0,0.7000000000000001
-2.946733236312866,3.2954909801483154,0.14,"R = 0.0325, L = 0.14",0.0325,0,0.71
-2.9313414096832275,3.2827200889587402,0.14,"R = 0.0325, L = 0.14",0.0325,0,0.72
-2.9159631729125977,3.269932985305786,0.14,"R = 0.0325, L = 0.14",0.0325,0,0.73
-2.9005987644195557,3.257129430770874,0.14,"R = 0.0325, L = 0.14",0.0325,0,0.74
-2.8852479457855225,3.244309425354004,0.14,"R = 0.0325, L = 0.14",0.0325,0,0.75
-2.869910717010498,3.231473207473755,0.14,"R = 0.0325, L = 0.14",0.0325,0,0.76
-2.8545870780944824,3.218620538711548,0.14,"R = 0.0325, L = 0.14",0.0325,0,0.77
-2.8392772674560547,3.205751657485962,0.14,"R = 0.0325, L = 0.14",0.0325,0,0.78
-2.8239810466766357,3.192866325378418,0.14,"R = 0.0325, L = 0.14",0.0325,0,0.79
-2.8086986541748047,3.179964780807495,0.14,"R = 0.0325, L = 0.14",0.0325,0,0.8
-2.7934300899505615,3.1670470237731934,0.14,"R = 0.0325, L = 0.14",0.0325,0,0.81
-2.7781753540039062,3.1541130542755127,0.14,"R = 0.0325, L = 0.14",0.0325,0,0.8200000000000001
-2.762934446334839,3.141162633895874,0.14,"R = 0.0325, L = 0.14",0.0325,0,0.8300000000000001
-2.7477073669433594,3.1281960010528564,0.14,"R = 0.0325, L = 0.14",0.0325,0,0.84
-2.7324941158294678,3.11521315574646,0.14,"R = 0.0325, L = 0.14",0.0325,0,0.85
-2.717294692993164,3.1022140979766846,0.14,"R = 0.0325, L = 0.14",0.0325,0,0.86
-2.7021090984344482,3.0891988277435303,0.14,"R = 0.0325, L = 0.14",0.0325,0,0.87
-2.6869375705718994,3.076167345046997,0.14,"R = 0.0325, L = 0.14",0.0325,0,0.88
-2.6717798709869385,3.063119649887085,0.14,"R = 0.0325, L = 0.14",0.0325,0,0.89
-2.6566362380981445,3.050055742263794,0.14,"R = 0.0325, L = 0.14",0.0325,0,0.9
-2.6415064334869385,3.036975622177124,0.14,"R = 0.0325, L = 0.14",0.0325,0,0.91
-2.6263880729675293,3.0238823890686035,0.14,"R = 0.0325, L = 0.14",0.0325,0,0.92
-2.611281156539917,3.0107758045196533,0.14,"R = 0.0325, L = 0.14",0.0325,0,0.93
-2.5961856842041016,2.9976561069488525,0.14,"R = 0.0325, L = 0.14",0.0325,0,0.9400000000000001
-2.581101655960083,2.984523296356201,0.14,"R = 0.0325, L = 0.14",0.0325,0,0.9500000000000001
-2.5660290718078613,2.97137713432312,0.14,"R = 0.0325, L = 0.14",0.0325,0,0.96
-2.5509679317474365,2.9582178592681885,0.14,"R = 0.0325, L = 0.14",0.0325,0,0.97
-2.5359184741973877,2.9450454711914062,0.14,"R = 0.0325, L = 0.14",0.0325,0,0.98
-2.5208804607391357,2.9318599700927734,0.14,"R = 0.0325, L = 0.14",0.0325,0,0.99
-2.5058538913726807,2.91866135597229,0.14,"R = 0.0325, L = 0.14",0.0325,0,1.0
-2.4908390045166016,2.905449628829956,0.14,"R = 0.0325, L = 0.14",0.0325,0,1.01
-2.4757864475250244,2.8922808170318604,0.14,"R = 0.0325, L = 0.14",0.0325,0,1.02
-2.4606964588165283,2.879154682159424,0.14,"R = 0.0325, L = 0.14",0.0325,0,1.03
-2.4455692768096924,2.8660717010498047,0.14,"R = 0.0325, L = 0.14",0.0325,0,1.04
-2.4304049015045166,2.853031873703003,0.14,"R = 0.0325, L = 0.14",0.0325,0,1.05
-2.415203332901001,2.8400352001190186,0.14,"R = 0.0325, L = 0.14",0.0325,0,1.06
-2.3999648094177246,2.8270819187164307,0.14,"R = 0.0325, L = 0.14",0.0325,0,1.07
-2.3846895694732666,2.8141720294952393,0.14,"R = 0.0325, L = 0.14",0.0325,0,1.08
-2.369377613067627,2.8013057708740234,0.14,"R = 0.0325, L = 0.14",0.0325,0,1.09
-2.3540291786193848,2.788483142852783,0.14,"R = 0.0325, L = 0.14",0.0325,0,1.1
-2.33864426612854,2.7757041454315186,0.14,"R = 0.0325, L = 0.14",0.0325,0,1.11
-2.3232271671295166,2.7629640102386475,0.14,"R = 0.0325, L = 0.14",0.0325,0,1.12
-2.3077778816223145,2.75026273727417,0.14,"R = 0.0325, L = 0.14",0.0325,0,1.1300000000000001
-2.2922966480255127,2.737600564956665,0.14,"R = 0.0325, L = 0.14",0.0325,0,1.1400000000000001
-2.2767837047576904,2.7249772548675537,0.14,"R = 0.0325, L = 0.14",0.0325,0,1.1500000000000001
-2.2612388134002686,2.712393283843994,0.14,"R = 0.0325, L = 0.14",0.0325,0,1.16
-2.2456624507904053,2.6998484134674072,0.14,"R = 0.0325, L = 0.14",0.0325,0,1.17
-2.2300543785095215,2.687342882156372,0.14,"R = 0.0325, L = 0.14",0.0325,0,1.18
-2.2144148349761963,2.6748766899108887,0.14,"R = 0.0325, L = 0.14",0.0325,0,1.19
-2.198744058609009,2.662449836730957,0.14,"R = 0.0325, L = 0.14",0.0325,0,1.2
-2.18304181098938,2.6500625610351562,0.14,"R = 0.0325, L = 0.14",0.0325,0,1.21
-2.167370319366455,2.637636423110962,0.14,"R = 0.0325, L = 0.14",0.0325,0,1.22
-2.1517298221588135,2.625171661376953,0.14,"R = 0.0325, L = 0.14",0.0325,0,1.23
-2.136120080947876,2.61266827583313,0.14,"R = 0.0325, L = 0.14",0.0325,0,1.24
-2.1205413341522217,2.600126266479492,0.14,"R = 0.0325, L = 0.14",0.0325,0,1.25
-2.1049938201904297,2.58754563331604,0.14,"R = 0.0325, L = 0.14",0.0325,0,1.26
-2.089477300643921,2.5749266147613525,0.14,"R = 0.0325, L = 0.14",0.0325,0,1.27
-2.0739922523498535,2.5622692108154297,0.14,"R = 0.0325, L = 0.14",0.0325,0,1.28
-2.0585384368896484,2.5495734214782715,0.14,"R = 0.0325, L = 0.14",0.0325,0,1.29
-2.0431160926818848,2.536839485168457,0.14,"R = 0.0325, L = 0.14",0.0325,0,1.3
-2.0277254581451416,2.5240674018859863,0.14,"R = 0.0325, L = 0.14",0.0325,0,1.31
-2.012361764907837,2.5112626552581787,0.14,"R = 0.0325, L = 0.14",0.0325,0,1.32
-1.9970252513885498,2.4984254837036133,0.14,"R = 0.0325, L = 0.14",0.0325,0,1.33
-1.9817160367965698,2.48555588722229,0.14,"R = 0.0325, L = 0.14",0.0325,0,1.34
-1.966434121131897,2.472653865814209,0.14,"R = 0.0325, L = 0.14",0.0325,0,1.35
-1.9511795043945312,2.45971941947937,0.14,"R = 0.0325, L = 0.14",0.0325,0,1.36
-1.9359523057937622,2.4467527866363525,0.14,"R = 0.0325, L = 0.14",0.0325,0,1.37
-1.9207526445388794,2.4337539672851562,0.14,"R = 0.0325, L = 0.14",0.0325,0,1.3800000000000001
-1.9055805206298828,2.4207229614257812,0.14,"R = 0.0325, L = 0.14",0.0325,0,1.3900000000000001
-1.890436053276062,2.4076597690582275,0.14,"R = 0.0325, L = 0.14",0.0325,0,1.4000000000000001
-1.875319242477417,2.394564628601074,0.14,"R = 0.0325, L = 0.14",0.0325,0,1.41
-1.8602310419082642,2.381436586380005,0.14,"R = 0.0325, L = 0.14",0.0325,0,1.42
-1.8451714515686035,2.3682756423950195,0.14,"R = 0.0325, L = 0.14",0.0325,0,1.43
-1.8301405906677246,2.3550820350646973,0.14,"R = 0.0325, L = 0.14",0.0325,0,1.44
-1.8151384592056274,2.341855764389038,0.14,"R = 0.0325, L = 0.14",0.0325,0,1.45
-1.8001651763916016,2.328596830368042,0.14,"R = 0.0325, L = 0.14",0.0325,0,1.46
-1.7852208614349365,2.315305233001709,0.14,"R = 0.0325, L = 0.14",0.0325,0,1.47
-1.7703055143356323,2.301981210708618,0.14,"R = 0.0325, L = 0.14",0.0325,0,1.48
-1.7554192543029785,2.2886245250701904,0.14,"R = 0.0325, L = 0.14",0.0325,0,1.49
-1.740562081336975,2.275235652923584,0.14,"R = 0.0325, L = 0.14",0.0325,0,1.5
-1.7257341146469116,2.2618143558502197,0.14,"R = 0.0325, L = 0.14",0.0325,0,1.51
-1.7109159231185913,2.248382091522217,0.14,"R = 0.0325, L = 0.14",0.0325,0,1.52
-1.6961076259613037,2.2349390983581543,0.14,"R = 0.0325, L = 0.14",0.0325,0,1.53
-1.6813091039657593,2.2214853763580322,0.14,"R = 0.0325, L = 0.14",0.0325,0,1.54
-1.6665204763412476,2.2080206871032715,0.14,"R = 0.0325, L = 0.14",0.0325,0,1.55
-1.651741623878479,2.194545269012451,0.14,"R = 0.0325, L = 0.14",0.0325,0,1.56
-1.6369726657867432,2.1810591220855713,0.14,"R = 0.0325, L = 0.14",0.0325,0,1.57
-1.6222134828567505,2.167562246322632,0.14,"R = 0.0325, L = 0.14",0.0325,0,1.58
-1.6074641942977905,2.1540544033050537,0.14,"R = 0.0325, L = 0.14",0.0325,0,1.59
-1.5927248001098633,2.140535831451416,0.14,"R = 0.0325, L = 0.14",0.0325,0,1.6
-1.5796053409576416,2.1284854412078857,0.14,"R = 0.0325, L = 0.14",0.0325,0,1.61
-1.5664787292480469,2.1164426803588867,0.14,"R = 0.0325, L = 0.14",0.0325,0,1.62
-1.553344964981079,2.104407787322998,0.14,"R = 0.0325, L = 0.14",0.0325,0,1.6300000000000001
-1.5402040481567383,2.0923807621002197,0.14,"R = 0.0325, L = 0.14",0.0325,0,1.6400000000000001
-1.5270559787750244,2.0803613662719727,0.14,"R = 0.0325, L = 0.14",0.0325,0,1.6500000000000001
-1.5139007568359375,2.068349838256836,0.14,"R = 0.0325, L = 0.14",0.0325,0,1.6600000000000001
-1.500738501548767,2.0563461780548096,0.14,"R = 0.0325, L = 0.14",0.0325,0,1.67
-1.4875690937042236,2.0443503856658936,0.14,"R = 0.0325, L = 0.14",0.0325,0,1.68
-1.4743925333023071,2.032362222671509,0.14,"R = 0.0325, L = 0.14",0.0325,0,1.69
-1.4612089395523071,2.0203819274902344,0.14,"R = 0.0325, L = 0.14",0.0325,0,1.7
-1.4498982429504395,2.0101158618927,0.14,"R = 0.0325, L = 0.14",0.0325,0,1.71
-1.4385687112808228,1.9998705387115479,0.14,"R = 0.0325, L = 0.14",0.0325,0,1.72
-1.4272204637527466,1.9896459579467773,0.14,"R = 0.0325, L = 0.14",0.0325,0,1.73
-1.415853500366211,1.9794422388076782,0.14,"R = 0.0325, L = 0.14",0.0325,0,1.74
-1.4044678211212158,1.9692593812942505,0.14,"R = 0.0325, L = 0.14",0.0325,0,1.75
-1.3930634260177612,1.9590973854064941,0.14,"R = 0.0325, L = 0.14",0.0325,0,1.76
-1.3816404342651367,1.9489562511444092,0.14,"R = 0.0325, L = 0.14",0.0325,0,1.77
-1.3701989650726318,1.9388360977172852,0.14,"R = 0.0325, L = 0.14",0.0325,0,1.78
-1.358738899230957,1.928736925125122,0.14,"R = 0.0325, L = 0.14",0.0325,0,1.79
-1.3472603559494019,1.91865873336792,0.14,"R = 0.0325, L = 0.14",0.0325,0,1.8
-1.337769865989685,1.910356879234314,0.14,"R = 0.0325, L = 0.14",0.0325,0,1.81
-1.328285574913025,1.9020479917526245,0.14,"R = 0.0325, L = 0.14",0.0325,0,1.82
-1.3188073635101318,1.8937320709228516,0.14,"R = 0.0325, L = 0.14",0.0325,0,1.83
-1.3093352317810059,1.8854092359542847,0.14,"R = 0.0325, L = 0.14",0.0325,0,1.84
-1.2998692989349365,1.8770793676376343,0.14,"R = 0.0325, L = 0.14",0.0325,0,1.85
-1.2904095649719238,1.86874258518219,0.14,"R = 0.0325, L = 0.14",0.0325,0,1.86
-1.2809559106826782,1.860398769378662,0.14,"R = 0.0325, L = 0.14",0.0325,0,1.87
-1.2715084552764893,1.8520480394363403,0.14,"R = 0.0325, L = 0.14",0.0325,0,1.8800000000000001
-1.262067198753357,1.843690276145935,0.14,"R = 0.0325, L = 0.14",0.0325,0,1.8900000000000001
-1.2526320219039917,1.8353255987167358,0.14,"R = 0.0325, L = 0.14",0.0325,0,1.9000000000000001
-1.244528889656067,1.8281311988830566,0.14,"R = 0.0325, L = 0.14",0.0325,0,1.9100000000000001
-1.2364188432693481,1.8209445476531982,0.14,"R = 0.0325, L = 0.14",0.0325,0,1.92
-1.2283018827438354,1.8137657642364502,0.14,"R = 0.0325, L = 0.14",0.0325,0,1.93
-1.2201780080795288,1.8065948486328125,0.14,"R = 0.0325, L = 0.14",0.0325,0,1.94
-1.2120472192764282,1.7994318008422852,0.14,"R = 0.0325, L = 0.14",0.0325,0,1.95
-1.2039095163345337,1.7922766208648682,0.14,"R = 0.0325, L = 0.14",0.0325,0,1.96
-1.1957648992538452,1.7851293087005615,0.14,"R = 0.0325, L = 0.14",0.0325,0,1.97
-1.1876133680343628,1.7779898643493652,0.14,"R = 0.0325, L = 0.14",0.0325,0,1.98
-1.1794549226760864,1.7708582878112793,0.14,"R = 0.0325, L = 0.14",0.0325,0,1.99
-1.1712895631790161,1.7637345790863037,0.14,"R = 0.0325, L = 0.14",0.0325,0,2.0
-1.1642283201217651,1.757586121559143,0.14,"R = 0.0325, L = 0.14",0.0325,0,2.0100000000000002
-1.1571520566940308,1.7514550685882568,0.14,"R = 0.0325, L = 0.14",0.0325,0,2.02
-1.150060772895813,1.7453413009643555,0.14,"R = 0.0325, L = 0.14",0.0325,0,2.0300000000000002
-1.1429544687271118,1.7392449378967285,0.14,"R = 0.0325, L = 0.14",0.0325,0,2.04
-1.1358332633972168,1.733165979385376,0.14,"R = 0.0325, L = 0.14",0.0325,0,2.05
-1.128697156906128,1.7271045446395874,0.14,"R = 0.0325, L = 0.14",0.0325,0,2.06
-1.1215462684631348,1.7210606336593628,0.14,"R = 0.0325, L = 0.14",0.0325,0,2.07
-1.1143805980682373,1.7150342464447021,0.14,"R = 0.0325, L = 0.14",0.0325,0,2.08
-1.1072001457214355,1.709025502204895,0.14,"R = 0.0325, L = 0.14",0.0325,0,2.09
-1.100005030632019,1.7030342817306519,0.14,"R = 0.0325, L = 0.14",0.0325,0,2.1
-1.0937552452087402,1.6978561878204346,0.14,"R = 0.0325, L = 0.14",0.0325,0,2.11
-1.0874874591827393,1.692699909210205,0.14,"R = 0.0325, L = 0.14",0.0325,0,2.12
-1.0812016725540161,1.6875654458999634,0.14,"R = 0.0325, L = 0.14",0.0325,0,2.13
-1.07489812374115,1.682452917098999,0.14,"R = 0.0325, L = 0.14",0.0325,0,2.14
-1.0685768127441406,1.677362322807312,0.14,"R = 0.0325, L = 0.14",0.0325,0,2.15
-1.0622378587722778,1.672293782234192,0.14,"R = 0.0325, L = 0.14",0.0325,0,2.16
-1.0558812618255615,1.6672472953796387,0.14,"R = 0.0325, L = 0.14",0.0325,0,2.17
-1.0495071411132812,1.662222981452942,0.14,"R = 0.0325, L = 0.14",0.0325,0,2.18
-1.043115496635437,1.6572209596633911,0.14,"R = 0.0325, L = 0.14",0.0325,0,2.19
-1.036706566810608,1.6522411108016968,0.14,"R = 0.0325, L = 0.14",0.0325,0,2.2
-1.03110671043396,1.6479212045669556,0.14,"R = 0.0325, L = 0.14",0.0325,0,2.21
-1.0254881381988525,1.6436256170272827,0.14,"R = 0.0325, L = 0.14",0.0325,0,2.22
-1.0198509693145752,1.6393544673919678,0.14,"R = 0.0325, L = 0.14",0.0325,0,2.23
-1.0141953229904175,1.6351077556610107,0.14,"R = 0.0325, L = 0.14",0.0325,0,2.24
-1.008521318435669,1.6308856010437012,0.14,"R = 0.0325, L = 0.14",0.0325,0,2.25
-1.0028290748596191,1.6266881227493286,0.14,"R = 0.0325, L = 0.14",0.0325,0,2.2600000000000002
-0.9971186518669128,1.6225154399871826,0.14,"R = 0.0325, L = 0.14",0.0325,0,2.27
-0.9913901686668396,1.6183675527572632,0.14,"R = 0.0325, L = 0.14",0.0325,0,2.2800000000000002
-0.985643744468689,1.6142445802688599,0.14,"R = 0.0325, L = 0.14",0.0325,0,2.29
-0.9798794984817505,1.6101465225219727,0.14,"R = 0.0325, L = 0.14",0.0325,0,2.3000000000000003
-0.9750019311904907,1.60671067237854,0.14,"R = 0.0325, L = 0.14",0.0325,0,2.31
-0.9701162576675415,1.6032863855361938,0.14,"R = 0.0325, L = 0.14",0.0325,0,2.32
-0.9652224183082581,1.5998737812042236,0.14,"R = 0.0325, L = 0.14",0.0325,0,2.33
-0.9603205323219299,1.5964727401733398,0.14,"R = 0.0325, L = 0.14",0.0325,0,2.34
-0.9554105401039124,1.593083381652832,0.14,"R = 0.0325, L = 0.14",0.0325,0,2.35
-0.9504925012588501,1.5897057056427002,0.14,"R = 0.0325, L = 0.14",0.0325,0,2.36
-0.9455664753913879,1.5863397121429443,0.14,"R = 0.0325, L = 0.14",0.0325,0,2.37
-0.9406324625015259,1.5829854011535645,0.14,"R = 0.0325, L = 0.14",0.0325,0,2.38
-0.9356904625892639,1.57964289188385,0.14,"R = 0.0325, L = 0.14",0.0325,0,2.39
-0.9307405352592468,1.5763120651245117,0.14,"R = 0.0325, L = 0.14",0.0325,0,2.4
-0.9264840483665466,1.5734626054763794,0.14,"R = 0.0325, L = 0.14",0.0325,0,2.41
-0.9222209453582764,1.5706230401992798,0.14,"R = 0.0325, L = 0.14",0.0325,0,2.42
-0.917951226234436,1.567793369293213,0.14,"R = 0.0325, L = 0.14",0.0325,0,2.43
-0.9136748909950256,1.5649737119674683,0.14,"R = 0.0325, L = 0.14",0.0325,0,2.44
-0.9093919992446899,1.562164068222046,0.14,"R = 0.0325, L = 0.14",0.0325,0,2.45
-0.905102550983429,1.5593644380569458,0.14,"R = 0.0325, L = 0.14",0.0325,0,2.46
-0.9008066058158875,1.5565747022628784,0.14,"R = 0.0325, L = 0.14",0.0325,0,2.47
-0.8965041637420654,1.5537950992584229,0.14,"R = 0.0325, L = 0.14",0.0325,0,2.48
-0.8921952843666077,1.5510255098342896,0.14,"R = 0.0325, L = 0.14",0.0325,0,2.49
-0.8878799080848694,1.5482659339904785,0.14,"R = 0.0325, L = 0.14",0.0325,0,2.5
-0.8841738104820251,1.5459080934524536,0.14,"R = 0.0325, L = 0.14",0.0325,0,2.5100000000000002
-0.8804624080657959,1.5435585975646973,0.14,"R = 0.0325, L = 0.14",0.0325,0,2.52
-0.8767457604408264,1.5412174463272095,0.14,"R = 0.0325, L = 0.14",0.0325,0,2.5300000000000002
-0.8730239272117615,1.5388845205307007,0.14,"R = 0.0325, L = 0.14",0.0325,0,2.54
-0.8692968487739563,1.5365599393844604,0.14,"R = 0.0325, L = 0.14",0.0325,0,2.5500000000000003
-0.8655645847320557,1.5342437028884888,0.14,"R = 0.0325, L = 0.14",0.0325,0,2.56
-0.8618271350860596,1.5319358110427856,0.14,"R = 0.0325, L = 0.14",0.0325,0,2.57
-0.8580845594406128,1.5296363830566406,0.14,"R = 0.0325, L = 0.14",0.0325,0,2.58
-0.8543368577957153,1.5273452997207642,0.14,"R = 0.0325, L = 0.14",0.0325,0,2.59
-0.8505840301513672,1.5250625610351562,0.14,"R = 0.0325, L = 0.14",0.0325,0,2.6
-0.8473625183105469,1.5231128931045532,0.14,"R = 0.0325, L = 0.14",0.0325,0,2.61
-0.844089150428772,1.5212515592575073,0.14,"R = 0.0325, L = 0.14",0.0325,0,2.62
-0.8407663702964783,1.5194799900054932,0.14,"R = 0.0325, L = 0.14",0.0325,0,2.63
-0.8373966217041016,1.5177994966506958,0.14,"R = 0.0325, L = 0.14",0.0325,0,2.64
-0.8339824080467224,1.5162112712860107,0.14,"R = 0.0325, L = 0.14",0.0325,0,2.65
-0.8305262327194214,1.514716625213623,0.14,"R = 0.0325, L = 0.14",0.0325,0,2.66
-0.8270306587219238,1.5133165121078491,0.14,"R = 0.0325, L = 0.14",0.0325,0,2.67
-0.8234983086585999,1.512012004852295,0.14,"R = 0.0325, L = 0.14",0.0325,0,2.68
-0.8199317455291748,1.5108041763305664,0.14,"R = 0.0325, L = 0.14",0.0325,0,2.69
-0.8163336515426636,1.5096937417984009,0.14,"R = 0.0325, L = 0.14",0.0325,0,2.7
-0.8131608963012695,1.5088083744049072,0.14,"R = 0.0325, L = 0.14",0.0325,0,2.71
-0.8099763989448547,1.5079662799835205,0.14,"R = 0.0325, L = 0.14",0.0325,0,2.72
-0.8067806959152222,1.5071675777435303,0.14,"R = 0.0325, L = 0.14",0.0325,0,2.73
-0.8035744428634644,1.5064125061035156,0.14,"R = 0.0325, L = 0.14",0.0325,0,2.74
-0.800358235836029,1.5057010650634766,0.14,"R = 0.0325, L = 0.14",0.0325,0,2.75
-0.7971326112747192,1.5050334930419922,0.14,"R = 0.0325, L = 0.14",0.0325,0,2.7600000000000002
-0.7938982248306274,1.5044097900390625,0.14,"R = 0.0325, L = 0.14",0.0325,0,2.77
-0.7906556725502014,1.5038301944732666,0.14,"R = 0.0325, L = 0.14",0.0325,0,2.7800000000000002
-0.7874054908752441,1.503294825553894,0.14,"R = 0.0325, L = 0.14",0.0325,0,2.79
-0.7841483354568481,1.5028036832809448,0.14,"R = 0.0325, L = 0.14",0.0325,0,2.8000000000000003
-0.7817096710205078,1.502469778060913,0.14,"R = 0.0325, L = 0.14",0.0325,0,2.81
-0.779268741607666,1.5021525621414185,0.14,"R = 0.0325, L = 0.14",0.0325,0,2.82
-0.7768257260322571,1.5018519163131714,0.14,"R = 0.0325, L = 0.14",0.0325,0,2.83
-0.7743807435035706,1.5015678405761719,0.14,"R = 0.0325, L = 0.14",0.0325,0,2.84
-0.7719338536262512,1.5013004541397095,0.14,"R = 0.0325, L = 0.14",0.0325,0,2.85
-0.7694852352142334,1.5010497570037842,0.14,"R = 0.0325, L = 0.14",0.0325,0,2.86
-0.7670349478721619,1.5008156299591064,0.14,"R = 0.0325, L = 0.14",0.0325,0,2.87
-0.7645831108093262,1.5005981922149658,0.14,"R = 0.0325, L = 0.14",0.0325,0,2.88
-0.7621298432350159,1.5003974437713623,0.14,"R = 0.0325, L = 0.14",0.0325,0,2.89
-0.7596752643585205,1.500213384628296,0.14,"R = 0.0325, L = 0.14",0.0325,0,2.9
-0.7576150894165039,1.500072956085205,0.14,"R = 0.0325, L = 0.14",0.0325,0,2.91
-0.7555544376373291,1.4999395608901978,0.14,"R = 0.0325, L = 0.14",0.0325,0,2.92
-0.7534933686256409,1.499813199043274,0.14,"R = 0.0325, L = 0.14",0.0325,0,2.93
-0.7514318823814392,1.4996938705444336,0.14,"R = 0.0325, L = 0.14",0.0325,0,2.94
-0.7493699789047241,1.4995815753936768,0.14,"R = 0.0325, L = 0.14",0.0325,0,2.95
-0.7473077178001404,1.4994763135910034,0.14,"R = 0.0325, L = 0.14",0.0325,0,2.96
-0.745245099067688,1.499377965927124,0.14,"R = 0.0325, L = 0.14",0.0325,0,2.97
-0.7431821823120117,1.4992866516113281,0.14,"R = 0.0325, L = 0.14",0.0325,0,2.98
-0.7411189675331116,1.4992023706436157,0.14,"R = 0.0325, L = 0.14",0.0325,0,2.99
-0.7390554547309875,1.4991251230239868,0.14,"R = 0.0325, L = 0.14",0.0325,0,3.0
-0.737459123134613,1.4990707635879517,0.14,"R = 0.0325, L = 0.14",0.0325,0,3.0100000000000002
-0.7358627319335938,1.4990191459655762,0.14,"R = 0.0325, L = 0.14",0.0325,0,3.02
-0.7342662215232849,1.4989702701568604,0.14,"R = 0.0325, L = 0.14",0.0325,0,3.0300000000000002
-0.7326696515083313,1.4989241361618042,0.14,"R = 0.0325, L = 0.14",0.0325,0,3.04
-0.7310729622840881,1.4988806247711182,0.14,"R = 0.0325, L = 0.14",0.0325,0,3.0500000000000003
-0.7294762134552002,1.4988398551940918,0.14,"R = 0.0325, L = 0.14",0.0325,0,3.06
-0.7278794050216675,1.498801827430725,0.14,"R = 0.0325, L = 0.14",0.0325,0,3.0700000000000003
-0.72628253698349,1.498766541481018,0.14,"R = 0.0325, L = 0.14",0.0325,0,3.08
-0.7246856093406677,1.4987339973449707,0.14,"R = 0.0325, L = 0.14",0.0325,0,3.09
-0.7230886220932007,1.4987040758132935,0.14,"R = 0.0325, L = 0.14",0.0325,0,3.1
-0.7218230366706848,1.4986824989318848,0.14,"R = 0.0325, L = 0.14",0.0325,0,3.11
-0.720557451248169,1.498661994934082,0.14,"R = 0.0325, L = 0.14",0.0325,0,3.12
-0.7192918062210083,1.4986425638198853,0.14,"R = 0.0325, L = 0.14",0.0325,0,3.13
-0.7180261611938477,1.498624324798584,0.14,"R = 0.0325, L = 0.14",0.0325,0,3.14
-0.716760516166687,1.4986071586608887,0.14,"R = 0.0325, L = 0.14",0.0325,0,3.15
-0.7154948711395264,1.4985910654067993,0.14,"R = 0.0325, L = 0.14",0.0325,0,3.16
-0.714229166507721,1.498576045036316,0.14,"R = 0.0325, L = 0.14",0.0325,0,3.17
-0.7129634618759155,1.4985620975494385,0.14,"R = 0.0325, L = 0.14",0.0325,0,3.18
-0.7116977572441101,1.498549222946167,0.14,"R = 0.0325, L = 0.14",0.0325,0,3.19
-0.7104320526123047,1.4985374212265015,0.14,"R = 0.0325, L = 0.14",0.0325,0,3.2
-0.7094104290008545,1.4985287189483643,0.14,"R = 0.0325, L = 0.14",0.0325,0,3.21
-0.7083888053894043,1.4985204935073853,0.14,"R = 0.0325, L = 0.14",0.0325,0,3.22
-0.7073671817779541,1.498512625694275,0.14,"R = 0.0325, L = 0.14",0.0325,0,3.23
-0.7063455581665039,1.4985052347183228,0.14,"R = 0.0325, L = 0.14",0.0325,0,3.24
-0.7053239345550537,1.4984983205795288,0.14,"R = 0.0325, L = 0.14",0.0325,0,3.25
-0.7043023109436035,1.4984917640686035,0.14,"R = 0.0325, L = 0.14",0.0325,0,3.2600000000000002
-0.7032806873321533,1.4984856843948364,0.14,"R = 0.0325, L = 0.14",0.0325,0,3.27
-0.7022590637207031,1.4984800815582275,0.14,"R = 0.0325, L = 0.14",0.0325,0,3.2800000000000002
-0.7012374401092529,1.4984748363494873,0.14,"R = 0.0325, L = 0.14",0.0325,0,3.29
-0.7002158164978027,1.4984700679779053,0.14,"R = 0.0325, L = 0.14",0.0325,0,3.3000000000000003
-0.6993849873542786,1.4984664916992188,0.14,"R = 0.0325, L = 0.14",0.0325,0,3.31
-0.6985541582107544,1.4984631538391113,0.14,"R = 0.0325, L = 0.14",0.0325,0,3.3200000000000003
-0.6977233290672302,1.4984599351882935,0.14,"R = 0.0325, L = 0.14",0.0325,0,3.33
-0.696892499923706,1.4984569549560547,0.14,"R = 0.0325, L = 0.14",0.0325,0,3.34
-0.6960616707801819,1.4984540939331055,0.14,"R = 0.0325, L = 0.14",0.0325,0,3.35
-0.6952308416366577,1.4984514713287354,0.14,"R = 0.0325, L = 0.14",0.0325,0,3.36
-0.6944000124931335,1.4984489679336548,0.14,"R = 0.0325, L = 0.14",0.0325,0,3.37
-0.6935691833496094,1.4984467029571533,0.14,"R = 0.0325, L = 0.14",0.0325,0,3.38
-0.6927383542060852,1.4984445571899414,0.14,"R = 0.0325, L = 0.14",0.0325,0,3.39
-0.691907525062561,1.4984426498413086,0.14,"R = 0.0325, L = 0.14",0.0325,0,3.4
-0.6912299394607544,1.498441219329834,0.14,"R = 0.0325, L = 0.14",0.0325,0,3.41
-0.6905523538589478,1.498439908027649,0.14,"R = 0.0325, L = 0.14",0.0325,0,3.42
-0.6898747682571411,1.4984385967254639,0.14,"R = 0.0325, L = 0.14",0.0325,0,3.43
-0.6891971826553345,1.4984374046325684,0.14,"R = 0.0325, L = 0.14",0.0325,0,3.44
-0.6885195970535278,1.4984362125396729,0.14,"R = 0.0325, L = 0.14",0.0325,0,3.45
-0.6878420114517212,1.498435139656067,0.14,"R = 0.0325, L = 0.14",0.0325,0,3.46
-0.6871644258499146,1.4984341859817505,0.14,"R = 0.0325, L = 0.14",0.0325,0,3.47
-0.6864868402481079,1.498433232307434,0.14,"R = 0.0325, L = 0.14",0.0325,0,3.48
-0.6858092546463013,1.4984323978424072,0.14,"R = 0.0325, L = 0.14",0.0325,0,3.49
-0.6851316690444946,1.4984315633773804,0.14,"R = 0.0325, L = 0.14",0.0325,0,3.5
-0.6845783591270447,1.4984309673309326,0.14,"R = 0.0325, L = 0.14",0.0325,0,3.5100000000000002
-0.6840250492095947,1.4984303712844849,0.14,"R = 0.0325, L = 0.14",0.0325,0,3.52
-0.6834717392921448,1.4984298944473267,0.14,"R = 0.0325, L = 0.14",0.0325,0,3.5300000000000002
-0.6829184293746948,1.4984294176101685,0.14,"R = 0.0325, L = 0.14",0.0325,0,3.54
-0.6823651194572449,1.4984289407730103,0.14,"R = 0.0325, L = 0.14",0.0325,0,3.5500000000000003
-0.6818118095397949,1.498428463935852,0.14,"R = 0.0325, L = 0.14",0.0325,0,3.56
-0.681258499622345,1.4984281063079834,0.14,"R = 0.0325, L = 0.14",0.0325,0,3.5700000000000003
-0.680705189704895,1.4984277486801147,0.14,"R = 0.0325, L = 0.14",0.0325,0,3.58
-0.6801518797874451,1.498427391052246,0.14,"R = 0.0325, L = 0.14",0.0325,0,3.59
-0.6795985698699951,1.4984270334243774,0.14,"R = 0.0325, L = 0.14",0.0325,0,3.6
-0.6791466474533081,1.4984267950057983,0.14,"R = 0.0325, L = 0.14",0.0325,0,3.61
-0.6786947250366211,1.4984265565872192,0.14,"R = 0.0325, L = 0.14",0.0325,0,3.62
-0.6782428026199341,1.4984263181686401,0.14,"R = 0.0325, L = 0.14",0.0325,0,3.63
-0.6777908802032471,1.498426079750061,0.14,"R = 0.0325, L = 0.14",0.0325,0,3.64
-0.6773389577865601,1.498425841331482,0.14,"R = 0.0325, L = 0.14",0.0325,0,3.65
-0.676887035369873,1.4984256029129028,0.14,"R = 0.0325, L = 0.14",0.0325,0,3.66
-0.676435112953186,1.4984254837036133,0.14,"R = 0.0325, L = 0.14",0.0325,0,3.67
-0.675983190536499,1.4984253644943237,0.14,"R = 0.0325, L = 0.14",0.0325,0,3.68
-0.675531268119812,1.4984252452850342,0.14,"R = 0.0325, L = 0.14",0.0325,0,3.69
-0.675079345703125,1.4984251260757446,0.14,"R = 0.0325, L = 0.14",0.0325,0,3.7
-0.6747103929519653,1.498425006866455,0.14,"R = 0.0325, L = 0.14",0.0325,0,3.71
-0.6743414402008057,1.4984248876571655,0.14,"R = 0.0325, L = 0.14",0.0325,0,3.72
-0.673972487449646,1.498424768447876,0.14,"R = 0.0325, L = 0.14",0.0325,0,3.73
-0.6736035346984863,1.4984246492385864,0.14,"R = 0.0325, L = 0.14",0.0325,0,3.74
-0.6732345819473267,1.4984245300292969,0.14,"R = 0.0325, L = 0.14",0.0325,0,3.75
-0.672865629196167,1.4984244108200073,0.14,"R = 0.0325, L = 0.14",0.0325,0,3.7600000000000002
-0.6724966764450073,1.4984242916107178,0.14,"R = 0.0325, L = 0.14",0.0325,0,3.77
-0.6721277236938477,1.4984241724014282,0.14,"R = 0.0325, L = 0.14",0.0325,0,3.7800000000000002
-0.671758770942688,1.4984241724014282,0.14,"R = 0.0325, L = 0.14",0.0325,0,3.79
-0.6713898181915283,1.4984241724014282,0.14,"R = 0.0325, L = 0.14",0.0325,0,3.8000000000000003
-0.6710885763168335,1.4984241724014282,0.14,"R = 0.0325, L = 0.14",0.0325,0,3.81
-0.6707873344421387,1.4984241724014282,0.14,"R = 0.0325, L = 0.14",0.0325,0,3.8200000000000003
-0.6704860925674438,1.4984241724014282,0.14,"R = 0.0325, L = 0.14",0.0325,0,3.83
-0.670184850692749,1.4984241724014282,0.14,"R = 0.0325, L = 0.14",0.0325,0,3.84
-0.6698836088180542,1.4984241724014282,0.14,"R = 0.0325, L = 0.14",0.0325,0,3.85
-0.6695823669433594,1.4984241724014282,0.14,"R = 0.0325, L = 0.14",0.0325,0,3.86
-0.6692811250686646,1.4984241724014282,0.14,"R = 0.0325, L = 0.14",0.0325,0,3.87
-0.6689798831939697,1.4984241724014282,0.14,"R = 0.0325, L = 0.14",0.0325,0,3.88
-0.6686786413192749,1.4984241724014282,0.14,"R = 0.0325, L = 0.14",0.0325,0,3.89
-0.6683773994445801,1.4984241724014282,0.14,"R = 0.0325, L = 0.14",0.0325,0,3.9
-0.6681314706802368,1.4984241724014282,0.14,"R = 0.0325, L = 0.14",0.0325,0,3.91
-0.6678855419158936,1.4984241724014282,0.14,"R = 0.0325, L = 0.14",0.0325,0,3.92
-0.6676396131515503,1.4984241724014282,0.14,"R = 0.0325, L = 0.14",0.0325,0,3.93
-0.667393684387207,1.4984241724014282,0.14,"R = 0.0325, L = 0.14",0.0325,0,3.94
-0.6671477556228638,1.4984241724014282,0.14,"R = 0.0325, L = 0.14",0.0325,0,3.95
-0.6669018268585205,1.4984241724014282,0.14,"R = 0.0325, L = 0.14",0.0325,0,3.96
-0.6666558980941772,1.4984241724014282,0.14,"R = 0.0325, L = 0.14",0.0325,0,3.97
-0.666409969329834,1.4984241724014282,0.14,"R = 0.0325, L = 0.14",0.0325,0,3.98
-0.6661640405654907,1.4984241724014282,0.14,"R = 0.0325, L = 0.14",0.0325,0,3.99
-0.6659181118011475,1.4984241724014282,0.14,"R = 0.0325, L = 0.14",0.0325,0,4.0
-0.6657174229621887,1.4984241724014282,0.14,"R = 0.0325, L = 0.14",0.0325,0,4.01
-0.66551673412323,1.4984241724014282,0.14,"R = 0.0325, L = 0.14",0.0325,0,4.0200000000000005
-0.6653160452842712,1.4984241724014282,0.14,"R = 0.0325, L = 0.14",0.0325,0,4.03
-0.6651153564453125,1.4984241724014282,0.14,"R = 0.0325, L = 0.14",0.0325,0,4.04
-0.6649146676063538,1.4984241724014282,0.14,"R = 0.0325, L = 0.14",0.0325,0,4.05
-0.664713978767395,1.4984241724014282,0.14,"R = 0.0325, L = 0.14",0.0325,0,4.0600000000000005
-0.6645132899284363,1.4984241724014282,0.14,"R = 0.0325, L = 0.14",0.0325,0,4.07
-0.6643126010894775,1.4984241724014282,0.14,"R = 0.0325, L = 0.14",0.0325,0,4.08
-0.6641119122505188,1.4984241724014282,0.14,"R = 0.0325, L = 0.14",0.0325,0,4.09
-0.6639112234115601,1.4984241724014282,0.14,"R = 0.0325, L = 0.14",0.0325,0,4.1
-0.6637475490570068,1.4984241724014282,0.14,"R = 0.0325, L = 0.14",0.0325,0,4.11
-0.6635838747024536,1.4984241724014282,0.14,"R = 0.0325, L = 0.14",0.0325,0,4.12
-0.6634202003479004,1.4984241724014282,0.14,"R = 0.0325, L = 0.14",0.0325,0,4.13
-0.6632565259933472,1.4984241724014282,0.14,"R = 0.0325, L = 0.14",0.0325,0,4.14
-0.663092851638794,1.4984241724014282,0.14,"R = 0.0325, L = 0.14",0.0325,0,4.15
-0.6629291772842407,1.4984241724014282,0.14,"R = 0.0325, L = 0.14",0.0325,0,4.16
-0.6627655029296875,1.4984241724014282,0.14,"R = 0.0325, L = 0.14",0.0325,0,4.17
-0.6626018285751343,1.4984241724014282,0.14,"R = 0.0325, L = 0.14",0.0325,0,4.18
-0.662438154220581,1.4984241724014282,0.14,"R = 0.0325, L = 0.14",0.0325,0,4.19
-0.6622744798660278,1.4984241724014282,0.14,"R = 0.0325, L = 0.14",0.0325,0,4.2
-0.6621411442756653,1.4984241724014282,0.14,"R = 0.0325, L = 0.14",0.0325,0,4.21
-0.6620078086853027,1.4984241724014282,0.14,"R = 0.0325, L = 0.14",0.0325,0,4.22
-0.6618744730949402,1.4984241724014282,0.14,"R = 0.0325, L = 0.14",0.0325,0,4.23
-0.6617411375045776,1.4984241724014282,0.14,"R = 0.0325, L = 0.14",0.0325,0,4.24
-0.6616078019142151,1.4984241724014282,0.14,"R = 0.0325, L = 0.14",0.0325,0,4.25
-0.6614744663238525,1.4984241724014282,0.14,"R = 0.0325, L = 0.14",0.0325,0,4.26
-0.66134113073349,1.4984241724014282,0.14,"R = 0.0325, L = 0.14",0.0325,0,4.2700000000000005
-0.6612077951431274,1.4984241724014282,0.14,"R = 0.0325, L = 0.14",0.0325,0,4.28
-0.6610744595527649,1.4984241724014282,0.14,"R = 0.0325, L = 0.14",0.0325,0,4.29
-0.6609411239624023,1.4984241724014282,0.14,"R = 0.0325, L = 0.14",0.0325,0,4.3
-0.6608322262763977,1.4984241724014282,0.14,"R = 0.0325, L = 0.14",0.0325,0,4.3100000000000005
-0.6607233285903931,1.4984241724014282,0.14,"R = 0.0325, L = 0.14",0.0325,0,4.32
-0.6606144309043884,1.4984241724014282,0.14,"R = 0.0325, L = 0.14",0.0325,0,4.33
-0.6605055332183838,1.4984241724014282,0.14,"R = 0.0325, L = 0.14",0.0325,0,4.34
-0.6603966355323792,1.4984241724014282,0.14,"R = 0.0325, L = 0.14",0.0325,0,4.3500000000000005
-0.6602877378463745,1.4984241724014282,0.14,"R = 0.0325, L = 0.14",0.0325,0,4.36
-0.6601788401603699,1.4984241724014282,0.14,"R = 0.0325, L = 0.14",0.0325,0,4.37
-0.6600699424743652,1.4984241724014282,0.14,"R = 0.0325, L = 0.14",0.0325,0,4.38
-0.6599610447883606,1.4984241724014282,0.14,"R = 0.0325, L = 0.14",0.0325,0,4.39
-0.659852147102356,1.4984241724014282,0.14,"R = 0.0325, L = 0.14",0.0325,0,4.4
-0.6597633957862854,1.4984241724014282,0.14,"R = 0.0325, L = 0.14",0.0325,0,4.41
-0.6596746444702148,1.4984241724014282,0.14,"R = 0.0325, L = 0.14",0.0325,0,4.42
-0.6595858931541443,1.4984241724014282,0.14,"R = 0.0325, L = 0.14",0.0325,0,4.43
-0.6594971418380737,1.4984241724014282,0.14,"R = 0.0325, L = 0.14",0.0325,0,4.44
-0.6594083905220032,1.4984241724014282,0.14,"R = 0.0325, L = 0.14",0.0325,0,4.45
-0.6593196392059326,1.4984241724014282,0.14,"R = 0.0325, L = 0.14",0.0325,0,4.46
-0.6592308878898621,1.4984241724014282,0.14,"R = 0.0325, L = 0.14",0.0325,0,4.47
-0.6591421365737915,1.4984241724014282,0.14,"R = 0.0325, L = 0.14",0.0325,0,4.48
-0.659053385257721,1.4984241724014282,0.14,"R = 0.0325, L = 0.14",0.0325,0,4.49
-0.6589646339416504,1.4984241724014282,0.14,"R = 0.0325, L = 0.14",0.0325,0,4.5
-0.6588922739028931,1.4984241724014282,0.14,"R = 0.0325, L = 0.14",0.0325,0,4.51
-0.6588199138641357,1.4984241724014282,0.14,"R = 0.0325, L = 0.14",0.0325,0,4.5200000000000005
-0.6587475538253784,1.4984241724014282,0.14,"R = 0.0325, L = 0.14",0.0325,0,4.53
-0.6586751937866211,1.4984241724014282,0.14,"R = 0.0325, L = 0.14",0.0325,0,4.54
-0.6586028337478638,1.4984241724014282,0.14,"R = 0.0325, L = 0.14",0.0325,0,4.55
-0.6585304737091064,1.4984241724014282,0.14,"R = 0.0325, L = 0.14",0.0325,0,4.5600000000000005
-0.6584581136703491,1.4984241724014282,0.14,"R = 0.0325, L = 0.14",0.0325,0,4.57
-0.6583857536315918,1.4984241724014282,0.14,"R = 0.0325, L = 0.14",0.0325,0,4.58
-0.6583133935928345,1.4984241724014282,0.14,"R = 0.0325, L = 0.14",0.0325,0,4.59
-0.6582410335540771,1.4984241724014282,0.14,"R = 0.0325, L = 0.14",0.0325,0,4.6000000000000005
-0.6581822037696838,1.4984241724014282,0.14,"R = 0.0325, L = 0.14",0.0325,0,4.61
-0.6581233739852905,1.4984241724014282,0.14,"R = 0.0325, L = 0.14",0.0325,0,4.62
-0.6580645442008972,1.4984241724014282,0.14,"R = 0.0325, L = 0.14",0.0325,0,4.63
-0.6580057144165039,1.4984241724014282,0.14,"R = 0.0325, L = 0.14",0.0325,0,4.64
-0.6579468846321106,1.4984241724014282,0.14,"R = 0.0325, L = 0.14",0.0325,0,4.65
-0.6578880548477173,1.4984241724014282,0.14,"R = 0.0325, L = 0.14",0.0325,0,4.66
-0.657829225063324,1.4984241724014282,0.14,"R = 0.0325, L = 0.14",0.0325,0,4.67
-0.6577703952789307,1.4984241724014282,0.14,"R = 0.0325, L = 0.14",0.0325,0,4.68
-0.6577115654945374,1.4984241724014282,0.14,"R = 0.0325, L = 0.14",0.0325,0,4.69
-0.657652735710144,1.4984241724014282,0.14,"R = 0.0325, L = 0.14",0.0325,0,4.7
-0.6576046943664551,1.4984241724014282,0.14,"R = 0.0325, L = 0.14",0.0325,0,4.71
-0.6575566530227661,1.4984241724014282,0.14,"R = 0.0325, L = 0.14",0.0325,0,4.72
-0.6575086116790771,1.4984241724014282,0.14,"R = 0.0325, L = 0.14",0.0325,0,4.73
-0.6574605703353882,1.4984241724014282,0.14,"R = 0.0325, L = 0.14",0.0325,0,4.74
-0.6574125289916992,1.4984241724014282,0.14,"R = 0.0325, L = 0.14",0.0325,0,4.75
-0.6573644876480103,1.4984241724014282,0.14,"R = 0.0325, L = 0.14",0.0325,0,4.76
-0.6573164463043213,1.4984241724014282,0.14,"R = 0.0325, L = 0.14",0.0325,0,4.7700000000000005
-0.6572684049606323,1.4984241724014282,0.14,"R = 0.0325, L = 0.14",0.0325,0,4.78
-0.6572203636169434,1.4984241724014282,0.14,"R = 0.0325, L = 0.14",0.0325,0,4.79
-0.6571723222732544,1.4984241724014282,0.14,"R = 0.0325, L = 0.14",0.0325,0,4.8
-0.6571332216262817,1.4984241724014282,0.14,"R = 0.0325, L = 0.14",0.0325,0,4.8100000000000005
-0.6570941209793091,1.4984241724014282,0.14,"R = 0.0325, L = 0.14",0.0325,0,4.82
-0.6570550203323364,1.4984241724014282,0.14,"R = 0.0325, L = 0.14",0.0325,0,4.83
-0.6570159196853638,1.4984241724014282,0.14,"R = 0.0325, L = 0.14",0.0325,0,4.84
-0.6569768190383911,1.4984241724014282,0.14,"R = 0.0325, L = 0.14",0.0325,0,4.8500000000000005
-0.6569377183914185,1.4984241724014282,0.14,"R = 0.0325, L = 0.14",0.0325,0,4.86
-0.6568986177444458,1.4984241724014282,0.14,"R = 0.0325, L = 0.14",0.0325,0,4.87
-0.6568595170974731,1.4984241724014282,0.14,"R = 0.0325, L = 0.14",0.0325,0,4.88
-0.6568204164505005,1.4984241724014282,0.14,"R = 0.0325, L = 0.14",0.0325,0,4.89
-0.6567813158035278,1.4984241724014282,0.14,"R = 0.0325, L = 0.14",0.0325,0,4.9
-0.656749427318573,1.4984241724014282,0.14,"R = 0.0325, L = 0.14",0.0325,0,4.91
-0.6567175388336182,1.4984241724014282,0.14,"R = 0.0325, L = 0.14",0.0325,0,4.92
-0.6566856503486633,1.4984241724014282,0.14,"R = 0.0325, L = 0.14",0.0325,0,4.93
-0.6566537618637085,1.4984241724014282,0.14,"R = 0.0325, L = 0.14",0.0325,0,4.94
-0.6566218733787537,1.4984241724014282,0.14,"R = 0.0325, L = 0.14",0.0325,0,4.95
-0.6565899848937988,1.4984241724014282,0.14,"R = 0.0325, L = 0.14",0.0325,0,4.96
-0.656558096408844,1.4984241724014282,0.14,"R = 0.0325, L = 0.14",0.0325,0,4.97
-0.6565262079238892,1.4984241724014282,0.14,"R = 0.0325, L = 0.14",0.0325,0,4.98
-0.6564943194389343,1.4984241724014282,0.14,"R = 0.0325, L = 0.14",0.0325,0,4.99
-0.6564624309539795,1.4984241724014282,0.14,"R = 0.0325, L = 0.14",0.0325,0,5.0
-0.6564365029335022,1.4984241724014282,0.14,"R = 0.0325, L = 0.14",0.0325,0,5.01
-0.6564105749130249,1.4984241724014282,0.14,"R = 0.0325, L = 0.14",0.0325,0,5.0200000000000005
-0.6563846468925476,1.4984241724014282,0.14,"R = 0.0325, L = 0.14",0.0325,0,5.03
-0.6563587188720703,1.4984241724014282,0.14,"R = 0.0325, L = 0.14",0.0325,0,5.04
-0.656332790851593,1.4984241724014282,0.14,"R = 0.0325, L = 0.14",0.0325,0,5.05
-0.6563068628311157,1.4984241724014282,0.14,"R = 0.0325, L = 0.14",0.0325,0,5.0600000000000005
-0.6562809348106384,1.4984241724014282,0.14,"R = 0.0325, L = 0.14",0.0325,0,5.07
-0.6562550067901611,1.4984241724014282,0.14,"R = 0.0325, L = 0.14",0.0325,0,5.08
-0.6562290787696838,1.4984241724014282,0.14,"R = 0.0325, L = 0.14",0.0325,0,5.09
-0.6562031507492065,1.4984241724014282,0.14,"R = 0.0325, L = 0.14",0.0325,0,5.1000000000000005
-0.6561819314956665,1.4984241724014282,0.14,"R = 0.0325, L = 0.14",0.0325,0,5.11
-0.6561607122421265,1.4984241724014282,0.14,"R = 0.0325, L = 0.14",0.0325,0,5.12
-0.6561394929885864,1.4984241724014282,0.14,"R = 0.0325, L = 0.14",0.0325,0,5.13
-0.6561182737350464,1.4984241724014282,0.14,"R = 0.0325, L = 0.14",0.0325,0,5.14
-0.6560970544815063,1.4984241724014282,0.14,"R = 0.0325, L = 0.14",0.0325,0,5.15
-0.6560758352279663,1.4984241724014282,0.14,"R = 0.0325, L = 0.14",0.0325,0,5.16
-0.6560546159744263,1.4984241724014282,0.14,"R = 0.0325, L = 0.14",0.0325,0,5.17
-0.6560333967208862,1.4984241724014282,0.14,"R = 0.0325, L = 0.14",0.0325,0,5.18
-0.6560121774673462,1.4984241724014282,0.14,"R = 0.0325, L = 0.14",0.0325,0,5.19
-0.6559909582138062,1.4984241724014282,0.14,"R = 0.0325, L = 0.14",0.0325,0,5.2
-0.6559739112854004,1.4984241724014282,0.14,"R = 0.0325, L = 0.14",0.0325,0,5.21
-0.6559568643569946,1.4984241724014282,0.14,"R = 0.0325, L = 0.14",0.0325,0,5.22
-0.6559398174285889,1.4984241724014282,0.14,"R = 0.0325, L = 0.14",0.0325,0,5.23
-0.6559227705001831,1.4984241724014282,0.14,"R = 0.0325, L = 0.14",0.0325,0,5.24
-0.6559057235717773,1.4984241724014282,0.14,"R = 0.0325, L = 0.14",0.0325,0,5.25
-0.6558886766433716,1.4984241724014282,0.14,"R = 0.0325, L = 0.14",0.0325,0,5.26
-0.6558716297149658,1.4984241724014282,0.14,"R = 0.0325, L = 0.14",0.0325,0,5.2700000000000005
-0.6558545827865601,1.4984241724014282,0.14,"R = 0.0325, L = 0.14",0.0325,0,5.28
-0.6558375358581543,1.4984241724014282,0.14,"R = 0.0325, L = 0.14",0.0325,0,5.29
-0.6558204889297485,1.4984241724014282,0.14,"R = 0.0325, L = 0.14",0.0325,0,5.3
-0.6558064818382263,1.4984241724014282,0.14,"R = 0.0325, L = 0.14",0.0325,0,5.3100000000000005
-0.6557924747467041,1.4984241724014282,0.14,"R = 0.0325, L = 0.14",0.0325,0,5.32
-0.6557784676551819,1.4984241724014282,0.14,"R = 0.0325, L = 0.14",0.0325,0,5.33
-0.6557644605636597,1.4984241724014282,0.14,"R = 0.0325, L = 0.14",0.0325,0,5.34
-0.6557504534721375,1.4984241724014282,0.14,"R = 0.0325, L = 0.14",0.0325,0,5.3500000000000005
-0.6557364463806152,1.4984241724014282,0.14,"R = 0.0325, L = 0.14",0.0325,0,5.36
-0.655722439289093,1.4984241724014282,0.14,"R = 0.0325, L = 0.14",0.0325,0,5.37
-0.6557084321975708,1.4984241724014282,0.14,"R = 0.0325, L = 0.14",0.0325,0,5.38
-0.6556944251060486,1.4984241724014282,0.14,"R = 0.0325, L = 0.14",0.0325,0,5.39
-0.6556804180145264,1.4984241724014282,0.14,"R = 0.0325, L = 0.14",0.0325,0,5.4
-0.6556690335273743,1.4984241724014282,0.14,"R = 0.0325, L = 0.14",0.0325,0,5.41
-0.6556576490402222,1.4984241724014282,0.14,"R = 0.0325, L = 0.14",0.0325,0,5.42
-0.6556462645530701,1.4984241724014282,0.14,"R = 0.0325, L = 0.14",0.0325,0,5.43
-0.655634880065918,1.4984241724014282,0.14,"R = 0.0325, L = 0.14",0.0325,0,5.44
-0.6556234955787659,1.4984241724014282,0.14,"R = 0.0325, L = 0.14",0.0325,0,5.45
-0.6556121110916138,1.4984241724014282,0.14,"R = 0.0325, L = 0.14",0.0325,0,5.46
-0.6556007266044617,1.4984241724014282,0.14,"R = 0.0325, L = 0.14",0.0325,0,5.47
-0.6555893421173096,1.4984241724014282,0.14,"R = 0.0325, L = 0.14",0.0325,0,5.48
-0.6555779576301575,1.4984241724014282,0.14,"R = 0.0325, L = 0.14",0.0325,0,5.49
-0.6555665731430054,1.4984241724014282,0.14,"R = 0.0325, L = 0.14",0.0325,0,5.5
-0.65555739402771,1.4984241724014282,0.14,"R = 0.0325, L = 0.14",0.0325,0,5.51
-0.6555482149124146,1.4984241724014282,0.14,"R = 0.0325, L = 0.14",0.0325,0,5.5200000000000005
-0.6555390357971191,1.4984241724014282,0.14,"R = 0.0325, L = 0.14",0.0325,0,5.53
-0.6555298566818237,1.4984241724014282,0.14,"R = 0.0325, L = 0.14",0.0325,0,5.54
-0.6555206775665283,1.4984241724014282,0.14,"R = 0.0325, L = 0.14",0.0325,0,5.55
-0.6555114984512329,1.4984241724014282,0.14,"R = 0.0325, L = 0.14",0.0325,0,5.5600000000000005
-0.6555023193359375,1.4984241724014282,0.14,"R = 0.0325, L = 0.14",0.0325,0,5.57
-0.6554931402206421,1.4984241724014282,0.14,"R = 0.0325, L = 0.14",0.0325,0,5.58
-0.6554839611053467,1.4984241724014282,0.14,"R = 0.0325, L = 0.14",0.0325,0,5.59
-0.6554747819900513,1.4984241724014282,0.14,"R = 0.0325, L = 0.14",0.0325,0,5.6000000000000005
-0.6554672718048096,1.4984241724014282,0.14,"R = 0.0325, L = 0.14",0.0325,0,5.61
-0.6554597616195679,1.4984241724014282,0.14,"R = 0.0325, L = 0.14",0.0325,0,5.62
-0.6554522514343262,1.4984241724014282,0.14,"R = 0.0325, L = 0.14",0.0325,0,5.63
-0.6554447412490845,1.4984241724014282,0.14,"R = 0.0325, L = 0.14",0.0325,0,5.64
-0.6554372310638428,1.4984241724014282,0.14,"R = 0.0325, L = 0.14",0.0325,0,5.65
-0.6554297208786011,1.4984241724014282,0.14,"R = 0.0325, L = 0.14",0.0325,0,5.66
-0.6554222106933594,1.4984241724014282,0.14,"R = 0.0325, L = 0.14",0.0325,0,5.67
-0.6554147005081177,1.4984241724014282,0.14,"R = 0.0325, L = 0.14",0.0325,0,5.68
-0.655407190322876,1.4984241724014282,0.14,"R = 0.0325, L = 0.14",0.0325,0,5.69
-0.6553996801376343,1.4984241724014282,0.14,"R = 0.0325, L = 0.14",0.0325,0,5.7
-0.6553934812545776,1.4984241724014282,0.14,"R = 0.0325, L = 0.14",0.0325,0,5.71
-0.655387282371521,1.4984241724014282,0.14,"R = 0.0325, L = 0.14",0.0325,0,5.72
-0.6553810834884644,1.4984241724014282,0.14,"R = 0.0325, L = 0.14",0.0325,0,5.73
-0.6553748846054077,1.4984241724014282,0.14,"R = 0.0325, L = 0.14",0.0325,0,5.74
-0.6553686857223511,1.4984241724014282,0.14,"R = 0.0325, L = 0.14",0.0325,0,5.75
-0.6553624868392944,1.4984241724014282,0.14,"R = 0.0325, L = 0.14",0.0325,0,5.76
-0.6553562879562378,1.4984241724014282,0.14,"R = 0.0325, L = 0.14",0.0325,0,5.7700000000000005
-0.6553500890731812,1.4984241724014282,0.14,"R = 0.0325, L = 0.14",0.0325,0,5.78
-0.6553438901901245,1.4984241724014282,0.14,"R = 0.0325, L = 0.14",0.0325,0,5.79
-0.6553376913070679,1.4984241724014282,0.14,"R = 0.0325, L = 0.14",0.0325,0,5.8
-0.655332624912262,1.4984241724014282,0.14,"R = 0.0325, L = 0.14",0.0325,0,5.8100000000000005
-0.655327558517456,1.4984241724014282,0.14,"R = 0.0325, L = 0.14",0.0325,0,5.82
-0.6553224921226501,1.4984241724014282,0.14,"R = 0.0325, L = 0.14",0.0325,0,5.83
-0.6553174257278442,1.4984241724014282,0.14,"R = 0.0325, L = 0.14",0.0325,0,5.84
-0.6553123593330383,1.4984241724014282,0.14,"R = 0.0325, L = 0.14",0.0325,0,5.8500000000000005
-0.6553072929382324,1.4984241724014282,0.14,"R = 0.0325, L = 0.14",0.0325,0,5.86
-0.6553022265434265,1.4984241724014282,0.14,"R = 0.0325, L = 0.14",0.0325,0,5.87
-0.6552971601486206,1.4984241724014282,0.14,"R = 0.0325, L = 0.14",0.0325,0,5.88
-0.6552920937538147,1.4984241724014282,0.14,"R = 0.0325, L = 0.14",0.0325,0,5.89
-0.6552870273590088,1.4984241724014282,0.14,"R = 0.0325, L = 0.14",0.0325,0,5.9
-0.6552829742431641,1.4984241724014282,0.14,"R = 0.0325, L = 0.14",0.0325,0,5.91
-0.6552789211273193,1.4984241724014282,0.14,"R = 0.0325, L = 0.14",0.0325,0,5.92
-0.6552748680114746,1.4984241724014282,0.14,"R = 0.0325, L = 0.14",0.0325,0,5.93
-0.6552708148956299,1.4984241724014282,0.14,"R = 0.0325, L = 0.14",0.0325,0,5.94
-0.6552667617797852,1.4984241724014282,0.14,"R = 0.0325, L = 0.14",0.0325,0,5.95
-0.6552627086639404,1.4984241724014282,0.14,"R = 0.0325, L = 0.14",0.0325,0,5.96
-0.6552586555480957,1.4984241724014282,0.14,"R = 0.0325, L = 0.14",0.0325,0,5.97
-0.655254602432251,1.4984241724014282,0.14,"R = 0.0325, L = 0.14",0.0325,0,5.98
-0.6552505493164062,1.4984241724014282,0.14,"R = 0.0325, L = 0.14",0.0325,0,5.99
-0.6552464962005615,1.4984241724014282,0.14,"R = 0.0325, L = 0.14",0.0325,0,6.0
-0.6552431583404541,1.4984241724014282,0.14,"R = 0.0325, L = 0.14",0.0325,0,6.01
-0.6552398204803467,1.4984241724014282,0.14,"R = 0.0325, L = 0.14",0.0325,0,6.0200000000000005
-0.6552364826202393,1.4984241724014282,0.14,"R = 0.0325, L = 0.14",0.0325,0,6.03
-0.6552331447601318,1.4984241724014282,0.14,"R = 0.0325, L = 0.14",0.0325,0,6.04
-0.6552298069000244,1.4984241724014282,0.14,"R = 0.0325, L = 0.14",0.0325,0,6.05
-0.655226469039917,1.4984241724014282,0.14,"R = 0.0325, L = 0.14",0.0325,0,6.0600000000000005
-0.6552231311798096,1.4984241724014282,0.14,"R = 0.0325, L = 0.14",0.0325,0,6.07
-0.6552197933197021,1.4984241724014282,0.14,"R = 0.0325, L = 0.14",0.0325,0,6.08
-0.6552164554595947,1.4984241724014282,0.14,"R = 0.0325, L = 0.14",0.0325,0,6.09
-0.6552131175994873,1.4984241724014282,0.14,"R = 0.0325, L = 0.14",0.0325,0,6.1000000000000005
-0.6552102565765381,1.4984241724014282,0.14,"R = 0.0325, L = 0.14",0.0325,0,6.11
-0.6552073955535889,1.4984241724014282,0.14,"R = 0.0325, L = 0.14",0.0325,0,6.12
-0.6552045345306396,1.4984241724014282,0.14,"R = 0.0325, L = 0.14",0.0325,0,6.13
-0.6552016735076904,1.4984241724014282,0.14,"R = 0.0325, L = 0.14",0.0325,0,6.140000000000001
-0.6551988124847412,1.4984241724014282,0.14,"R = 0.0325, L = 0.14",0.0325,0,6.15
-0.655195951461792,1.4984241724014282,0.14,"R = 0.0325, L = 0.14",0.0325,0,6.16
-0.6551930904388428,1.4984241724014282,0.14,"R = 0.0325, L = 0.14",0.0325,0,6.17
-0.6551902294158936,1.4984241724014282,0.14,"R = 0.0325, L = 0.14",0.0325,0,6.18
-0.6551873683929443,1.4984241724014282,0.14,"R = 0.0325, L = 0.14",0.0325,0,6.19
-0.6551845073699951,1.4984241724014282,0.14,"R = 0.0325, L = 0.14",0.0325,0,6.2
-0.6551823019981384,1.4984241724014282,0.14,"R = 0.0325, L = 0.14",0.0325,0,6.21
-0.6551800966262817,1.4984241724014282,0.14,"R = 0.0325, L = 0.14",0.0325,0,6.22
-0.655177891254425,1.4984241724014282,0.14,"R = 0.0325, L = 0.14",0.0325,0,6.23
-0.6551756858825684,1.4984241724014282,0.14,"R = 0.0325, L = 0.14",0.0325,0,6.24
-0.6551734805107117,1.4984241724014282,0.14,"R = 0.0325, L = 0.14",0.0325,0,6.25
-0.655171275138855,1.4984241724014282,0.14,"R = 0.0325, L = 0.14",0.0325,0,6.26
-0.6551690697669983,1.4984241724014282,0.14,"R = 0.0325, L = 0.14",0.0325,0,6.2700000000000005
-0.6551668643951416,1.4984241724014282,0.14,"R = 0.0325, L = 0.14",0.0325,0,6.28
-0.6551646590232849,1.4984241724014282,0.14,"R = 0.0325, L = 0.14",0.0325,0,6.29
-0.6551624536514282,1.4984241724014282,0.14,"R = 0.0325, L = 0.14",0.0325,0,6.3
-0.6551606059074402,1.4984241724014282,0.14,"R = 0.0325, L = 0.14",0.0325,0,6.3100000000000005
-0.6551587581634521,1.4984241724014282,0.14,"R = 0.0325, L = 0.14",0.0325,0,6.32
-0.6551569104194641,1.4984241724014282,0.14,"R = 0.0325, L = 0.14",0.0325,0,6.33
-0.6551550626754761,1.4984241724014282,0.14,"R = 0.0325, L = 0.14",0.0325,0,6.34
-0.655153214931488,1.4984241724014282,0.14,"R = 0.0325, L = 0.14",0.0325,0,6.3500000000000005
-0.6551513671875,1.4984241724014282,0.14,"R = 0.0325, L = 0.14",0.0325,0,6.36
-0.655149519443512,1.4984241724014282,0.14,"R = 0.0325, L = 0.14",0.0325,0,6.37
-0.6551476716995239,1.4984241724014282,0.14,"R = 0.0325, L = 0.14",0.0325,0,6.38
-0.6551458239555359,1.4984241724014282,0.14,"R = 0.0325, L = 0.14",0.0325,0,6.390000000000001
-0.6551439762115479,1.4984241724014282,0.14,"R = 0.0325, L = 0.14",0.0325,0,6.4
-0.6551425457000732,1.4984241724014282,0.14,"R = 0.0325, L = 0.14",0.0325,0,6.41
-0.6551411151885986,1.4984241724014282,0.14,"R = 0.0325, L = 0.14",0.0325,0,6.42
-0.655139684677124,1.4984241724014282,0.14,"R = 0.0325, L = 0.14",0.0325,0,6.43
-0.6551382541656494,1.4984241724014282,0.14,"R = 0.0325, L = 0.14",0.0325,0,6.44
-0.6551368236541748,1.4984241724014282,0.14,"R = 0.0325, L = 0.14",0.0325,0,6.45
-0.6551353931427002,1.4984241724014282,0.14,"R = 0.0325, L = 0.14",0.0325,0,6.46
-0.6551339626312256,1.4984241724014282,0.14,"R = 0.0325, L = 0.14",0.0325,0,6.47
-0.655132532119751,1.4984241724014282,0.14,"R = 0.0325, L = 0.14",0.0325,0,6.48
-0.6551311016082764,1.4984241724014282,0.14,"R = 0.0325, L = 0.14",0.0325,0,6.49
-0.6551296710968018,1.4984241724014282,0.14,"R = 0.0325, L = 0.14",0.0325,0,6.5
-0.6551296710968018,1.4984241724014282,0.14,"R = 0.0325, L = 0.14",0.0325,0,6.51
-0.6551296710968018,1.4984241724014282,0.14,"R = 0.0325, L = 0.14",0.0325,0,6.5200000000000005
-0.6551296710968018,1.4984241724014282,0.14,"R = 0.0325, L = 0.14",0.0325,0,6.53
-0.6551296710968018,1.4984241724014282,0.14,"R = 0.0325, L = 0.14",0.0325,0,6.54
-0.6551296710968018,1.4984241724014282,0.14,"R = 0.0325, L = 0.14",0.0325,0,6.55
-0.6551296710968018,1.4984241724014282,0.14,"R = 0.0325, L = 0.14",0.0325,0,6.5600000000000005
-0.6551296710968018,1.4984241724014282,0.14,"R = 0.0325, L = 0.14",0.0325,0,6.57
-0.6551296710968018,1.4984241724014282,0.14,"R = 0.0325, L = 0.14",0.0325,0,6.58
-0.6551296710968018,1.4984241724014282,0.14,"R = 0.0325, L = 0.14",0.0325,0,6.59
-0.6551296710968018,1.4984241724014282,0.14,"R = 0.0325, L = 0.14",0.0325,0,6.6000000000000005
-0.6551284193992615,1.4984241724014282,0.14,"R = 0.0325, L = 0.14",0.0325,0,6.61
-0.6551271677017212,1.4984241724014282,0.14,"R = 0.0325, L = 0.14",0.0325,0,6.62
-0.6551259160041809,1.4984241724014282,0.14,"R = 0.0325, L = 0.14",0.0325,0,6.63
-0.6551246643066406,1.4984241724014282,0.14,"R = 0.0325, L = 0.14",0.0325,0,6.640000000000001
-0.6551234126091003,1.4984241724014282,0.14,"R = 0.0325, L = 0.14",0.0325,0,6.65
-0.6551221609115601,1.4984241724014282,0.14,"R = 0.0325, L = 0.14",0.0325,0,6.66
-0.6551209092140198,1.4984241724014282,0.14,"R = 0.0325, L = 0.14",0.0325,0,6.67
-0.6551196575164795,1.4984241724014282,0.14,"R = 0.0325, L = 0.14",0.0325,0,6.68
-0.6551184058189392,1.4984241724014282,0.14,"R = 0.0325, L = 0.14",0.0325,0,6.69
-0.6551171541213989,1.4984241724014282,0.14,"R = 0.0325, L = 0.14",0.0325,0,6.7
-0.655116081237793,1.4984241724014282,0.14,"R = 0.0325, L = 0.14",0.0325,0,6.71
-0.655115008354187,1.4984241724014282,0.14,"R = 0.0325, L = 0.14",0.0325,0,6.72
-0.655113935470581,1.4984241724014282,0.14,"R = 0.0325, L = 0.14",0.0325,0,6.73
-0.6551128625869751,1.4984241724014282,0.14,"R = 0.0325, L = 0.14",0.0325,0,6.74
-0.6551117897033691,1.4984241724014282,0.14,"R = 0.0325, L = 0.14",0.0325,0,6.75
-0.6551107168197632,1.4984241724014282,0.14,"R = 0.0325, L = 0.14",0.0325,0,6.76
-0.6551096439361572,1.4984241724014282,0.14,"R = 0.0325, L = 0.14",0.0325,0,6.7700000000000005
-0.6551085710525513,1.4984241724014282,0.14,"R = 0.0325, L = 0.14",0.0325,0,6.78
-0.6551074981689453,1.4984241724014282,0.14,"R = 0.0325, L = 0.14",0.0325,0,6.79
-0.6551064252853394,1.4984241724014282,0.14,"R = 0.0325, L = 0.14",0.0325,0,6.8
-0.6551055908203125,1.4984241724014282,0.14,"R = 0.0325, L = 0.14",0.0325,0,6.8100000000000005
-0.6551047563552856,1.4984241724014282,0.14,"R = 0.0325, L = 0.14",0.0325,0,6.82
-0.6551039218902588,1.4984241724014282,0.14,"R = 0.0325, L = 0.14",0.0325,0,6.83
-0.6551030874252319,1.4984241724014282,0.14,"R = 0.0325, L = 0.14",0.0325,0,6.84
-0.6551022529602051,1.4984241724014282,0.14,"R = 0.0325, L = 0.14",0.0325,0,6.8500000000000005
-0.6551014184951782,1.4984241724014282,0.14,"R = 0.0325, L = 0.14",0.0325,0,6.86
-0.6551005840301514,1.4984241724014282,0.14,"R = 0.0325, L = 0.14",0.0325,0,6.87
-0.6550997495651245,1.4984241724014282,0.14,"R = 0.0325, L = 0.14",0.0325,0,6.88
-0.6550989151000977,1.4984241724014282,0.14,"R = 0.0325, L = 0.14",0.0325,0,6.890000000000001
-0.6550980806350708,1.4984241724014282,0.14,"R = 0.0325, L = 0.14",0.0325,0,6.9
-0.655097484588623,1.4984241724014282,0.14,"R = 0.0325, L = 0.14",0.0325,0,6.91
-0.6550968885421753,1.4984241724014282,0.14,"R = 0.0325, L = 0.14",0.0325,0,6.92
-0.6550962924957275,1.4984241724014282,0.14,"R = 0.0325, L = 0.14",0.0325,0,6.93
-0.6550956964492798,1.4984241724014282,0.14,"R = 0.0325, L = 0.14",0.0325,0,6.94
-0.655095100402832,1.4984241724014282,0.14,"R = 0.0325, L = 0.14",0.0325,0,6.95
-0.6550945043563843,1.4984241724014282,0.14,"R = 0.0325, L = 0.14",0.0325,0,6.96
-0.6550939083099365,1.4984241724014282,0.14,"R = 0.0325, L = 0.14",0.0325,0,6.97
-0.6550933122634888,1.4984241724014282,0.14,"R = 0.0325, L = 0.14",0.0325,0,6.98
-0.655092716217041,1.4984241724014282,0.14,"R = 0.0325, L = 0.14",0.0325,0,6.99
-0.6550921201705933,1.4984241724014282,0.14,"R = 0.0325, L = 0.14",0.0325,0,7.0
-0.6550915241241455,1.4984241724014282,0.14,"R = 0.0325, L = 0.14",0.0325,0,7.01
-0.6550909280776978,1.4984241724014282,0.14,"R = 0.0325, L = 0.14",0.0325,0,7.0200000000000005
-0.65509033203125,1.4984241724014282,0.14,"R = 0.0325, L = 0.14",0.0325,0,7.03
-0.6550897359848022,1.4984241724014282,0.14,"R = 0.0325, L = 0.14",0.0325,0,7.04
-0.6550891399383545,1.4984241724014282,0.14,"R = 0.0325, L = 0.14",0.0325,0,7.05
-0.6550885438919067,1.4984241724014282,0.14,"R = 0.0325, L = 0.14",0.0325,0,7.0600000000000005
-0.655087947845459,1.4984241724014282,0.14,"R = 0.0325, L = 0.14",0.0325,0,7.07
-0.6550873517990112,1.4984241724014282,0.14,"R = 0.0325, L = 0.14",0.0325,0,7.08
-0.6550867557525635,1.4984241724014282,0.14,"R = 0.0325, L = 0.14",0.0325,0,7.09
-0.6550861597061157,1.4984241724014282,0.14,"R = 0.0325, L = 0.14",0.0325,0,7.1000000000000005
-0.6550857424736023,1.4984241724014282,0.14,"R = 0.0325, L = 0.14",0.0325,0,7.11
-0.6550853252410889,1.4984241724014282,0.14,"R = 0.0325, L = 0.14",0.0325,0,7.12
-0.6550849080085754,1.4984241724014282,0.14,"R = 0.0325, L = 0.14",0.0325,0,7.13
-0.655084490776062,1.4984241724014282,0.14,"R = 0.0325, L = 0.14",0.0325,0,7.140000000000001
-0.6550840735435486,1.4984241724014282,0.14,"R = 0.0325, L = 0.14",0.0325,0,7.15
-0.6550836563110352,1.4984241724014282,0.14,"R = 0.0325, L = 0.14",0.0325,0,7.16
-0.6550832390785217,1.4984241724014282,0.14,"R = 0.0325, L = 0.14",0.0325,0,7.17
-0.6550828218460083,1.4984241724014282,0.14,"R = 0.0325, L = 0.14",0.0325,0,7.18
-0.6550824046134949,1.4984241724014282,0.14,"R = 0.0325, L = 0.14",0.0325,0,7.19
-0.6550819873809814,1.4984241724014282,0.14,"R = 0.0325, L = 0.14",0.0325,0,7.2
-0.6550816893577576,1.4984241724014282,0.14,"R = 0.0325, L = 0.14",0.0325,0,7.21
-0.6550813913345337,1.4984241724014282,0.14,"R = 0.0325, L = 0.14",0.0325,0,7.22
-0.6550810933113098,1.4984241724014282,0.14,"R = 0.0325, L = 0.14",0.0325,0,7.23
-0.6550807952880859,1.4984241724014282,0.14,"R = 0.0325, L = 0.14",0.0325,0,7.24
-0.6550804972648621,1.4984241724014282,0.14,"R = 0.0325, L = 0.14",0.0325,0,7.25
-0.6550801992416382,1.4984241724014282,0.14,"R = 0.0325, L = 0.14",0.0325,0,7.26
-0.6550799012184143,1.4984241724014282,0.14,"R = 0.0325, L = 0.14",0.0325,0,7.2700000000000005
-0.6550796031951904,1.4984241724014282,0.14,"R = 0.0325, L = 0.14",0.0325,0,7.28
-0.6550793051719666,1.4984241724014282,0.14,"R = 0.0325, L = 0.14",0.0325,0,7.29
-0.6550790071487427,1.4984241724014282,0.14,"R = 0.0325, L = 0.14",0.0325,0,7.3
-0.6550787687301636,1.4984241724014282,0.14,"R = 0.0325, L = 0.14",0.0325,0,7.3100000000000005
-0.6550785303115845,1.4984241724014282,0.14,"R = 0.0325, L = 0.14",0.0325,0,7.32
-0.6550782918930054,1.4984241724014282,0.14,"R = 0.0325, L = 0.14",0.0325,0,7.33
-0.6550780534744263,1.4984241724014282,0.14,"R = 0.0325, L = 0.14",0.0325,0,7.34
-0.6550778150558472,1.4984241724014282,0.14,"R = 0.0325, L = 0.14",0.0325,0,7.3500000000000005
-0.6550775766372681,1.4984241724014282,0.14,"R = 0.0325, L = 0.14",0.0325,0,7.36
-0.655077338218689,1.4984241724014282,0.14,"R = 0.0325, L = 0.14",0.0325,0,7.37
-0.6550770998001099,1.4984241724014282,0.14,"R = 0.0325, L = 0.14",0.0325,0,7.38
-0.6550768613815308,1.4984241724014282,0.14,"R = 0.0325, L = 0.14",0.0325,0,7.390000000000001
-0.6550766229629517,1.4984241724014282,0.14,"R = 0.0325, L = 0.14",0.0325,0,7.4
-0.6550763845443726,1.4984241724014282,0.14,"R = 0.0325, L = 0.14",0.0325,0,7.41
-0.6550761461257935,1.4984241724014282,0.14,"R = 0.0325, L = 0.14",0.0325,0,7.42
-0.6550759077072144,1.4984241724014282,0.14,"R = 0.0325, L = 0.14",0.0325,0,7.43
-0.6550756692886353,1.4984241724014282,0.14,"R = 0.0325, L = 0.14",0.0325,0,7.44
-0.6550754308700562,1.4984241724014282,0.14,"R = 0.0325, L = 0.14",0.0325,0,7.45
-0.655075192451477,1.4984241724014282,0.14,"R = 0.0325, L = 0.14",0.0325,0,7.46
-0.655074954032898,1.4984241724014282,0.14,"R = 0.0325, L = 0.14",0.0325,0,7.47
-0.6550747156143188,1.4984241724014282,0.14,"R = 0.0325, L = 0.14",0.0325,0,7.48
-0.6550744771957397,1.4984241724014282,0.14,"R = 0.0325, L = 0.14",0.0325,0,7.49
-0.6550742387771606,1.4984241724014282,0.14,"R = 0.0325, L = 0.14",0.0325,0,7.5
-0.6550741195678711,1.4984241724014282,0.14,"R = 0.0325, L = 0.14",0.0325,0,7.51
-0.6550740003585815,1.4984241724014282,0.14,"R = 0.0325, L = 0.14",0.0325,0,7.5200000000000005
-0.655073881149292,1.4984241724014282,0.14,"R = 0.0325, L = 0.14",0.0325,0,7.53
-0.6550737619400024,1.4984241724014282,0.14,"R = 0.0325, L = 0.14",0.0325,0,7.54
-0.6550736427307129,1.4984241724014282,0.14,"R = 0.0325, L = 0.14",0.0325,0,7.55
-0.6550735235214233,1.4984241724014282,0.14,"R = 0.0325, L = 0.14",0.0325,0,7.5600000000000005
-0.6550734043121338,1.4984241724014282,0.14,"R = 0.0325, L = 0.14",0.0325,0,7.57
-0.6550732851028442,1.4984241724014282,0.14,"R = 0.0325, L = 0.14",0.0325,0,7.58
-0.6550731658935547,1.4984241724014282,0.14,"R = 0.0325, L = 0.14",0.0325,0,7.59
-0.6550730466842651,1.4984241724014282,0.14,"R = 0.0325, L = 0.14",0.0325,0,7.6000000000000005
-0.6550728678703308,1.4984241724014282,0.14,"R = 0.0325, L = 0.14",0.0325,0,7.61
-0.6550726890563965,1.4984241724014282,0.14,"R = 0.0325, L = 0.14",0.0325,0,7.62
-0.6550725102424622,1.4984241724014282,0.14,"R = 0.0325, L = 0.14",0.0325,0,7.63
-0.6550723314285278,1.4984241724014282,0.14,"R = 0.0325, L = 0.14",0.0325,0,7.640000000000001
-0.6550721526145935,1.4984241724014282,0.14,"R = 0.0325, L = 0.14",0.0325,0,7.65
-0.6550719738006592,1.4984241724014282,0.14,"R = 0.0325, L = 0.14",0.0325,0,7.66
-0.6550717949867249,1.4984241724014282,0.14,"R = 0.0325, L = 0.14",0.0325,0,7.67
-0.6550716161727905,1.4984241724014282,0.14,"R = 0.0325, L = 0.14",0.0325,0,7.68
-0.6550714373588562,1.4984241724014282,0.14,"R = 0.0325, L = 0.14",0.0325,0,7.69
-0.6550712585449219,1.4984241724014282,0.14,"R = 0.0325, L = 0.14",0.0325,0,7.7
-0.6550710201263428,1.4984241724014282,0.14,"R = 0.0325, L = 0.14",0.0325,0,7.71
-0.6550707817077637,1.4984241724014282,0.14,"R = 0.0325, L = 0.14",0.0325,0,7.72
-0.6550705432891846,1.4984241724014282,0.14,"R = 0.0325, L = 0.14",0.0325,0,7.73
-0.6550703048706055,1.4984241724014282,0.14,"R = 0.0325, L = 0.14",0.0325,0,7.74
-0.6550700664520264,1.4984241724014282,0.14,"R = 0.0325, L = 0.14",0.0325,0,7.75
-0.6550698280334473,1.4984241724014282,0.14,"R = 0.0325, L = 0.14",0.0325,0,7.76
-0.6550695896148682,1.4984241724014282,0.14,"R = 0.0325, L = 0.14",0.0325,0,7.7700000000000005
-0.6550693511962891,1.4984241724014282,0.14,"R = 0.0325, L = 0.14",0.0325,0,7.78
-0.65506911277771,1.4984241724014282,0.14,"R = 0.0325, L = 0.14",0.0325,0,7.79
-0.6550688743591309,1.4984241724014282,0.14,"R = 0.0325, L = 0.14",0.0325,0,7.8
-0.6550688743591309,1.4984241724014282,0.14,"R = 0.0325, L = 0.14",0.0325,0,7.8100000000000005
-0.6550688743591309,1.4984241724014282,0.14,"R = 0.0325, L = 0.14",0.0325,0,7.82
-0.6550688743591309,1.4984241724014282,0.14,"R = 0.0325, L = 0.14",0.0325,0,7.83
-0.6550688743591309,1.4984241724014282,0.14,"R = 0.0325, L = 0.14",0.0325,0,7.84
-0.6550688743591309,1.4984241724014282,0.14,"R = 0.0325, L = 0.14",0.0325,0,7.8500000000000005
-0.6550688743591309,1.4984241724014282,0.14,"R = 0.0325, L = 0.14",0.0325,0,7.86
-0.6550688743591309,1.4984241724014282,0.14,"R = 0.0325, L = 0.14",0.0325,0,7.87
-0.6550688743591309,1.4984241724014282,0.14,"R = 0.0325, L = 0.14",0.0325,0,7.88
-0.6550688743591309,1.4984241724014282,0.14,"R = 0.0325, L = 0.14",0.0325,0,7.890000000000001
-0.6550688743591309,1.4984241724014282,0.14,"R = 0.0325, L = 0.14",0.0325,0,7.9
-0.6550688147544861,1.4984241724014282,0.14,"R = 0.0325, L = 0.14",0.0325,0,7.91
-0.6550687551498413,1.4984241724014282,0.14,"R = 0.0325, L = 0.14",0.0325,0,7.92
-0.6550686955451965,1.4984241724014282,0.14,"R = 0.0325, L = 0.14",0.0325,0,7.930000000000001
-0.6550686359405518,1.4984241724014282,0.14,"R = 0.0325, L = 0.14",0.0325,0,7.94
-0.655068576335907,1.4984241724014282,0.14,"R = 0.0325, L = 0.14",0.0325,0,7.95
-0.6550685167312622,1.4984241724014282,0.14,"R = 0.0325, L = 0.14",0.0325,0,7.96
-0.6550684571266174,1.4984241724014282,0.14,"R = 0.0325, L = 0.14",0.0325,0,7.97
-0.6550683975219727,1.4984241724014282,0.14,"R = 0.0325, L = 0.14",0.0325,0,7.98
-0.6550683379173279,1.4984241724014282,0.14,"R = 0.0325, L = 0.14",0.0325,0,7.99
-0.6550682783126831,1.4984241724014282,0.14,"R = 0.0325, L = 0.14",0.0325,0,8.0
-0.6550682783126831,1.4984241724014282,0.14,"R = 0.0325, L = 0.14",0.0325,0,8.01
-0.6550682783126831,1.4984241724014282,0.14,"R = 0.0325, L = 0.14",0.0325,0,8.02
-0.6550682783126831,1.4984241724014282,0.14,"R = 0.0325, L = 0.14",0.0325,0,8.03
-0.6550682783126831,1.4984241724014282,0.14,"R = 0.0325, L = 0.14",0.0325,0,8.040000000000001
-0.6550682783126831,1.4984241724014282,0.14,"R = 0.0325, L = 0.14",0.0325,0,8.05
-0.6550682783126831,1.4984241724014282,0.14,"R = 0.0325, L = 0.14",0.0325,0,8.06
-0.6550682783126831,1.4984241724014282,0.14,"R = 0.0325, L = 0.14",0.0325,0,8.07
-0.6550682783126831,1.4984241724014282,0.14,"R = 0.0325, L = 0.14",0.0325,0,8.08
-0.6550682783126831,1.4984241724014282,0.14,"R = 0.0325, L = 0.14",0.0325,0,8.09
-0.6550682783126831,1.4984241724014282,0.14,"R = 0.0325, L = 0.14",0.0325,0,8.1
-0.6550682783126831,1.4984241724014282,0.14,"R = 0.0325, L = 0.14",0.0325,0,8.11
-0.6550682783126831,1.4984241724014282,0.14,"R = 0.0325, L = 0.14",0.0325,0,8.120000000000001
-0.6550682783126831,1.4984241724014282,0.14,"R = 0.0325, L = 0.14",0.0325,0,8.13
-0.6550682783126831,1.4984241724014282,0.14,"R = 0.0325, L = 0.14",0.0325,0,8.14
-0.6550682783126831,1.4984241724014282,0.14,"R = 0.0325, L = 0.14",0.0325,0,8.15
-0.6550682783126831,1.4984241724014282,0.14,"R = 0.0325, L = 0.14",0.0325,0,8.16
-0.6550682783126831,1.4984241724014282,0.14,"R = 0.0325, L = 0.14",0.0325,0,8.17
-0.6550682783126831,1.4984241724014282,0.14,"R = 0.0325, L = 0.14",0.0325,0,8.18
-0.6550682783126831,1.4984241724014282,0.14,"R = 0.0325, L = 0.14",0.0325,0,8.19
-0.6550682783126831,1.4984241724014282,0.14,"R = 0.0325, L = 0.14",0.0325,0,8.2
-0.6550682783126831,1.4984241724014282,0.14,"R = 0.0325, L = 0.14",0.0325,0,8.21
-0.6550682783126831,1.4984241724014282,0.14,"R = 0.0325, L = 0.14",0.0325,0,8.22
-0.6550682783126831,1.4984241724014282,0.14,"R = 0.0325, L = 0.14",0.0325,0,8.23
-0.6550682783126831,1.4984241724014282,0.14,"R = 0.0325, L = 0.14",0.0325,0,8.24
-0.6550682783126831,1.4984241724014282,0.14,"R = 0.0325, L = 0.14",0.0325,0,8.25
-0.6550682783126831,1.4984241724014282,0.14,"R = 0.0325, L = 0.14",0.0325,0,8.26
-0.6550682783126831,1.4984241724014282,0.14,"R = 0.0325, L = 0.14",0.0325,0,8.27
-0.6550682783126831,1.4984241724014282,0.14,"R = 0.0325, L = 0.14",0.0325,0,8.28
-0.6550682783126831,1.4984241724014282,0.14,"R = 0.0325, L = 0.14",0.0325,0,8.290000000000001
-0.6550682783126831,1.4984241724014282,0.14,"R = 0.0325, L = 0.14",0.0325,0,8.3
-0.6550682783126831,1.4984241724014282,0.14,"R = 0.0325, L = 0.14",0.0325,0,8.31
-0.6550682783126831,1.4984241724014282,0.14,"R = 0.0325, L = 0.14",0.0325,0,8.32
-0.6550682783126831,1.4984241724014282,0.14,"R = 0.0325, L = 0.14",0.0325,0,8.33
-0.6550682783126831,1.4984241724014282,0.14,"R = 0.0325, L = 0.14",0.0325,0,8.34
-0.6550682783126831,1.4984241724014282,0.14,"R = 0.0325, L = 0.14",0.0325,0,8.35
-0.6550682783126831,1.4984241724014282,0.14,"R = 0.0325, L = 0.14",0.0325,0,8.36
-0.6550682783126831,1.4984241724014282,0.14,"R = 0.0325, L = 0.14",0.0325,0,8.370000000000001
-0.6550682783126831,1.4984241724014282,0.14,"R = 0.0325, L = 0.14",0.0325,0,8.38
-0.6550682783126831,1.4984241724014282,0.14,"R = 0.0325, L = 0.14",0.0325,0,8.39
-0.6550682783126831,1.4984241724014282,0.14,"R = 0.0325, L = 0.14",0.0325,0,8.4
-0.6550682783126831,1.4984241724014282,0.14,"R = 0.0325, L = 0.14",0.0325,0,8.41
-0.6550682783126831,1.4984241724014282,0.14,"R = 0.0325, L = 0.14",0.0325,0,8.42
-0.6550682783126831,1.4984241724014282,0.14,"R = 0.0325, L = 0.14",0.0325,0,8.43
-0.6550682783126831,1.4984241724014282,0.14,"R = 0.0325, L = 0.14",0.0325,0,8.44
-0.6550682783126831,1.4984241724014282,0.14,"R = 0.0325, L = 0.14",0.0325,0,8.45
-0.6550682783126831,1.4984241724014282,0.14,"R = 0.0325, L = 0.14",0.0325,0,8.46
-0.6550682783126831,1.4984241724014282,0.14,"R = 0.0325, L = 0.14",0.0325,0,8.47
-0.6550682783126831,1.4984241724014282,0.14,"R = 0.0325, L = 0.14",0.0325,0,8.48
-0.6550682783126831,1.4984241724014282,0.14,"R = 0.0325, L = 0.14",0.0325,0,8.49
-0.6550682783126831,1.4984241724014282,0.14,"R = 0.0325, L = 0.14",0.0325,0,8.5
-0.6550682783126831,1.4984241724014282,0.14,"R = 0.0325, L = 0.14",0.0325,0,8.51
-0.6550682783126831,1.4984241724014282,0.14,"R = 0.0325, L = 0.14",0.0325,0,8.52
-0.6550682783126831,1.4984241724014282,0.14,"R = 0.0325, L = 0.14",0.0325,0,8.53
-0.6550682783126831,1.4984241724014282,0.14,"R = 0.0325, L = 0.14",0.0325,0,8.540000000000001
-0.6550682783126831,1.4984241724014282,0.14,"R = 0.0325, L = 0.14",0.0325,0,8.55
-0.6550682783126831,1.4984241724014282,0.14,"R = 0.0325, L = 0.14",0.0325,0,8.56
-0.6550682783126831,1.4984241724014282,0.14,"R = 0.0325, L = 0.14",0.0325,0,8.57
-0.6550682783126831,1.4984241724014282,0.14,"R = 0.0325, L = 0.14",0.0325,0,8.58
-0.6550682783126831,1.4984241724014282,0.14,"R = 0.0325, L = 0.14",0.0325,0,8.59
-0.6550682783126831,1.4984241724014282,0.14,"R = 0.0325, L = 0.14",0.0325,0,8.6
-0.6550682783126831,1.4984241724014282,0.14,"R = 0.0325, L = 0.14",0.0325,0,8.61
-0.6550682783126831,1.4984241724014282,0.14,"R = 0.0325, L = 0.14",0.0325,0,8.620000000000001
-0.6550682783126831,1.4984241724014282,0.14,"R = 0.0325, L = 0.14",0.0325,0,8.63
-0.6550682783126831,1.4984241724014282,0.14,"R = 0.0325, L = 0.14",0.0325,0,8.64
-0.6550682783126831,1.4984241724014282,0.14,"R = 0.0325, L = 0.14",0.0325,0,8.65
-0.6550682783126831,1.4984241724014282,0.14,"R = 0.0325, L = 0.14",0.0325,0,8.66
-0.6550682783126831,1.4984241724014282,0.14,"R = 0.0325, L = 0.14",0.0325,0,8.67
-0.6550682783126831,1.4984241724014282,0.14,"R = 0.0325, L = 0.14",0.0325,0,8.68
-0.6550682783126831,1.4984241724014282,0.14,"R = 0.0325, L = 0.14",0.0325,0,8.69
-0.6550682783126831,1.4984241724014282,0.14,"R = 0.0325, L = 0.14",0.0325,0,8.700000000000001
-0.6550682783126831,1.4984241724014282,0.14,"R = 0.0325, L = 0.14",0.0325,0,8.71
-0.6550682783126831,1.4984241724014282,0.14,"R = 0.0325, L = 0.14",0.0325,0,8.72
-0.6550682783126831,1.4984241724014282,0.14,"R = 0.0325, L = 0.14",0.0325,0,8.73
-0.6550682783126831,1.4984241724014282,0.14,"R = 0.0325, L = 0.14",0.0325,0,8.74
-0.6550682783126831,1.4984241724014282,0.14,"R = 0.0325, L = 0.14",0.0325,0,8.75
-0.6550682783126831,1.4984241724014282,0.14,"R = 0.0325, L = 0.14",0.0325,0,8.76
-0.6550682783126831,1.4984241724014282,0.14,"R = 0.0325, L = 0.14",0.0325,0,8.77
-0.6550682783126831,1.4984241724014282,0.14,"R = 0.0325, L = 0.14",0.0325,0,8.78
-0.6550682783126831,1.4984241724014282,0.14,"R = 0.0325, L = 0.14",0.0325,0,8.790000000000001
-0.6550682783126831,1.4984241724014282,0.14,"R = 0.0325, L = 0.14",0.0325,0,8.8
-0.6550682783126831,1.4984241724014282,0.14,"R = 0.0325, L = 0.14",0.0325,0,8.81
-0.6550682783126831,1.4984241724014282,0.14,"R = 0.0325, L = 0.14",0.0325,0,8.82
-0.6550682783126831,1.4984241724014282,0.14,"R = 0.0325, L = 0.14",0.0325,0,8.83
-0.6550682783126831,1.4984241724014282,0.14,"R = 0.0325, L = 0.14",0.0325,0,8.84
-0.6550682783126831,1.4984241724014282,0.14,"R = 0.0325, L = 0.14",0.0325,0,8.85
-0.6550682783126831,1.4984241724014282,0.14,"R = 0.0325, L = 0.14",0.0325,0,8.86
-0.6550682783126831,1.4984241724014282,0.14,"R = 0.0325, L = 0.14",0.0325,0,8.870000000000001
-0.6550682783126831,1.4984241724014282,0.14,"R = 0.0325, L = 0.14",0.0325,0,8.88
-0.6550682783126831,1.4984241724014282,0.14,"R = 0.0325, L = 0.14",0.0325,0,8.89
-0.6550682783126831,1.4984241724014282,0.14,"R = 0.0325, L = 0.14",0.0325,0,8.9
-0.6550682783126831,1.4984241724014282,0.14,"R = 0.0325, L = 0.14",0.0325,0,8.91
-0.6550682783126831,1.4984241724014282,0.14,"R = 0.0325, L = 0.14",0.0325,0,8.92
-0.6550682783126831,1.4984241724014282,0.14,"R = 0.0325, L = 0.14",0.0325,0,8.93
-0.6550682783126831,1.4984241724014282,0.14,"R = 0.0325, L = 0.14",0.0325,0,8.94
-0.6550682783126831,1.4984241724014282,0.14,"R = 0.0325, L = 0.14",0.0325,0,8.950000000000001
-0.6550682783126831,1.4984241724014282,0.14,"R = 0.0325, L = 0.14",0.0325,0,8.96
-0.6550682783126831,1.4984241724014282,0.14,"R = 0.0325, L = 0.14",0.0325,0,8.97
-0.6550682783126831,1.4984241724014282,0.14,"R = 0.0325, L = 0.14",0.0325,0,8.98
-0.6550682783126831,1.4984241724014282,0.14,"R = 0.0325, L = 0.14",0.0325,0,8.99
-0.6550682783126831,1.4984241724014282,0.14,"R = 0.0325, L = 0.14",0.0325,0,9.0
-0.6550682783126831,1.4984241724014282,0.14,"R = 0.0325, L = 0.14",0.0325,0,9.01
-0.6550682783126831,1.4984241724014282,0.14,"R = 0.0325, L = 0.14",0.0325,0,9.02
-0.6550682783126831,1.4984241724014282,0.14,"R = 0.0325, L = 0.14",0.0325,0,9.03
-0.6550682783126831,1.4984241724014282,0.14,"R = 0.0325, L = 0.14",0.0325,0,9.040000000000001
-0.6550682783126831,1.4984241724014282,0.14,"R = 0.0325, L = 0.14",0.0325,0,9.05
-0.6550682783126831,1.4984241724014282,0.14,"R = 0.0325, L = 0.14",0.0325,0,9.06
-0.6550682783126831,1.4984241724014282,0.14,"R = 0.0325, L = 0.14",0.0325,0,9.07
-0.6550682783126831,1.4984241724014282,0.14,"R = 0.0325, L = 0.14",0.0325,0,9.08
-0.6550682783126831,1.4984241724014282,0.14,"R = 0.0325, L = 0.14",0.0325,0,9.09
-0.6550682783126831,1.4984241724014282,0.14,"R = 0.0325, L = 0.14",0.0325,0,9.1
-0.6550682783126831,1.4984241724014282,0.14,"R = 0.0325, L = 0.14",0.0325,0,9.11
-0.6550682783126831,1.4984241724014282,0.14,"R = 0.0325, L = 0.14",0.0325,0,9.120000000000001
-0.6550682783126831,1.4984241724014282,0.14,"R = 0.0325, L = 0.14",0.0325,0,9.13
-0.6550682783126831,1.4984241724014282,0.14,"R = 0.0325, L = 0.14",0.0325,0,9.14
-0.6550682783126831,1.4984241724014282,0.14,"R = 0.0325, L = 0.14",0.0325,0,9.15
-0.6550682783126831,1.4984241724014282,0.14,"R = 0.0325, L = 0.14",0.0325,0,9.16
-0.6550682783126831,1.4984241724014282,0.14,"R = 0.0325, L = 0.14",0.0325,0,9.17
-0.6550682783126831,1.4984241724014282,0.14,"R = 0.0325, L = 0.14",0.0325,0,9.18
-0.6550682783126831,1.4984241724014282,0.14,"R = 0.0325, L = 0.14",0.0325,0,9.19
-0.6550682783126831,1.4984241724014282,0.14,"R = 0.0325, L = 0.14",0.0325,0,9.200000000000001
-0.6550682783126831,1.4984241724014282,0.14,"R = 0.0325, L = 0.14",0.0325,0,9.21
-0.6550682783126831,1.4984241724014282,0.14,"R = 0.0325, L = 0.14",0.0325,0,9.22
-0.6550682783126831,1.4984241724014282,0.14,"R = 0.0325, L = 0.14",0.0325,0,9.23
-0.6550682783126831,1.4984241724014282,0.14,"R = 0.0325, L = 0.14",0.0325,0,9.24
-0.6550682783126831,1.4984241724014282,0.14,"R = 0.0325, L = 0.14",0.0325,0,9.25
-0.6550682783126831,1.4984241724014282,0.14,"R = 0.0325, L = 0.14",0.0325,0,9.26
-0.6550682783126831,1.4984241724014282,0.14,"R = 0.0325, L = 0.14",0.0325,0,9.27
-0.6550682783126831,1.4984241724014282,0.14,"R = 0.0325, L = 0.14",0.0325,0,9.28
-0.6550682783126831,1.4984241724014282,0.14,"R = 0.0325, L = 0.14",0.0325,0,9.290000000000001
-0.6550682783126831,1.4984241724014282,0.14,"R = 0.0325, L = 0.14",0.0325,0,9.3
-0.6550682783126831,1.4984241724014282,0.14,"R = 0.0325, L = 0.14",0.0325,0,9.31
-0.6550682783126831,1.4984241724014282,0.14,"R = 0.0325, L = 0.14",0.0325,0,9.32
-0.6550682783126831,1.4984241724014282,0.14,"R = 0.0325, L = 0.14",0.0325,0,9.33
-0.6550682783126831,1.4984241724014282,0.14,"R = 0.0325, L = 0.14",0.0325,0,9.34
-0.6550682783126831,1.4984241724014282,0.14,"R = 0.0325, L = 0.14",0.0325,0,9.35
-0.6550682783126831,1.4984241724014282,0.14,"R = 0.0325, L = 0.14",0.0325,0,9.36
-0.6550682783126831,1.4984241724014282,0.14,"R = 0.0325, L = 0.14",0.0325,0,9.370000000000001
-0.6550682783126831,1.4984241724014282,0.14,"R = 0.0325, L = 0.14",0.0325,0,9.38
-0.6550682783126831,1.4984241724014282,0.14,"R = 0.0325, L = 0.14",0.0325,0,9.39
-0.6550682783126831,1.4984241724014282,0.14,"R = 0.0325, L = 0.14",0.0325,0,9.4
-0.6550682783126831,1.4984241724014282,0.14,"R = 0.0325, L = 0.14",0.0325,0,9.41
-0.6550682783126831,1.4984241724014282,0.14,"R = 0.0325, L = 0.14",0.0325,0,9.42
-0.6550682783126831,1.4984241724014282,0.14,"R = 0.0325, L = 0.14",0.0325,0,9.43
-0.6550682783126831,1.4984241724014282,0.14,"R = 0.0325, L = 0.14",0.0325,0,9.44
-0.6550682783126831,1.4984241724014282,0.14,"R = 0.0325, L = 0.14",0.0325,0,9.450000000000001
-0.6550682783126831,1.4984241724014282,0.14,"R = 0.0325, L = 0.14",0.0325,0,9.46
-0.6550682783126831,1.4984241724014282,0.14,"R = 0.0325, L = 0.14",0.0325,0,9.47
-0.6550682783126831,1.4984241724014282,0.14,"R = 0.0325, L = 0.14",0.0325,0,9.48
-0.6550682783126831,1.4984241724014282,0.14,"R = 0.0325, L = 0.14",0.0325,0,9.49
-0.6550682783126831,1.4984241724014282,0.14,"R = 0.0325, L = 0.14",0.0325,0,9.5
-0.6550682783126831,1.4984241724014282,0.14,"R = 0.0325, L = 0.14",0.0325,0,9.51
-0.6550682783126831,1.4984241724014282,0.14,"R = 0.0325, L = 0.14",0.0325,0,9.52
-0.6550682783126831,1.4984241724014282,0.14,"R = 0.0325, L = 0.14",0.0325,0,9.53
-0.6550682783126831,1.4984241724014282,0.14,"R = 0.0325, L = 0.14",0.0325,0,9.540000000000001
-0.6550682783126831,1.4984241724014282,0.14,"R = 0.0325, L = 0.14",0.0325,0,9.55
-0.6550682783126831,1.4984241724014282,0.14,"R = 0.0325, L = 0.14",0.0325,0,9.56
-0.6550682783126831,1.4984241724014282,0.14,"R = 0.0325, L = 0.14",0.0325,0,9.57
-0.6550682783126831,1.4984241724014282,0.14,"R = 0.0325, L = 0.14",0.0325,0,9.58
-0.6550682783126831,1.4984241724014282,0.14,"R = 0.0325, L = 0.14",0.0325,0,9.59
-0.6550682783126831,1.4984241724014282,0.14,"R = 0.0325, L = 0.14",0.0325,0,9.6
-0.6550682783126831,1.4984241724014282,0.14,"R = 0.0325, L = 0.14",0.0325,0,9.61
-0.6550682783126831,1.4984241724014282,0.14,"R = 0.0325, L = 0.14",0.0325,0,9.620000000000001
-0.6550682783126831,1.4984241724014282,0.14,"R = 0.0325, L = 0.14",0.0325,0,9.63
-0.6550682783126831,1.4984241724014282,0.14,"R = 0.0325, L = 0.14",0.0325,0,9.64
-0.6550682783126831,1.4984241724014282,0.14,"R = 0.0325, L = 0.14",0.0325,0,9.65
-0.6550682783126831,1.4984241724014282,0.14,"R = 0.0325, L = 0.14",0.0325,0,9.66
-0.6550682783126831,1.4984241724014282,0.14,"R = 0.0325, L = 0.14",0.0325,0,9.67
-0.6550682783126831,1.4984241724014282,0.14,"R = 0.0325, L = 0.14",0.0325,0,9.68
-0.6550682783126831,1.4984241724014282,0.14,"R = 0.0325, L = 0.14",0.0325,0,9.69
-0.6550682783126831,1.4984241724014282,0.14,"R = 0.0325, L = 0.14",0.0325,0,9.700000000000001
-0.6550682783126831,1.4984241724014282,0.14,"R = 0.0325, L = 0.14",0.0325,0,9.71
-0.6550682783126831,1.4984241724014282,0.14,"R = 0.0325, L = 0.14",0.0325,0,9.72
-0.6550682783126831,1.4984241724014282,0.14,"R = 0.0325, L = 0.14",0.0325,0,9.73
-0.6550682783126831,1.4984241724014282,0.14,"R = 0.0325, L = 0.14",0.0325,0,9.74
-0.6550682783126831,1.4984241724014282,0.14,"R = 0.0325, L = 0.14",0.0325,0,9.75
-0.6550682783126831,1.4984241724014282,0.14,"R = 0.0325, L = 0.14",0.0325,0,9.76
-0.6550682783126831,1.4984241724014282,0.14,"R = 0.0325, L = 0.14",0.0325,0,9.77
-0.6550682783126831,1.4984241724014282,0.14,"R = 0.0325, L = 0.14",0.0325,0,9.78
-0.6550682783126831,1.4984241724014282,0.14,"R = 0.0325, L = 0.14",0.0325,0,9.790000000000001
-0.6550682783126831,1.4984241724014282,0.14,"R = 0.0325, L = 0.14",0.0325,0,9.8
-0.6550682783126831,1.4984241724014282,0.14,"R = 0.0325, L = 0.14",0.0325,0,9.81
-0.6550682783126831,1.4984241724014282,0.14,"R = 0.0325, L = 0.14",0.0325,0,9.82
-0.6550682783126831,1.4984241724014282,0.14,"R = 0.0325, L = 0.14",0.0325,0,9.83
-0.6550682783126831,1.4984241724014282,0.14,"R = 0.0325, L = 0.14",0.0325,0,9.84
-0.6550682783126831,1.4984241724014282,0.14,"R = 0.0325, L = 0.14",0.0325,0,9.85
-0.6550682783126831,1.4984241724014282,0.14,"R = 0.0325, L = 0.14",0.0325,0,9.86
-0.6550682783126831,1.4984241724014282,0.14,"R = 0.0325, L = 0.14",0.0325,0,9.870000000000001
-0.6550682783126831,1.4984241724014282,0.14,"R = 0.0325, L = 0.14",0.0325,0,9.88
-0.6550682783126831,1.4984241724014282,0.14,"R = 0.0325, L = 0.14",0.0325,0,9.89
-0.6550682783126831,1.4984241724014282,0.14,"R = 0.0325, L = 0.14",0.0325,0,9.9
-0.6550682783126831,1.4984241724014282,0.14,"R = 0.0325, L = 0.14",0.0325,0,9.91
-0.6550682783126831,1.4984241724014282,0.14,"R = 0.0325, L = 0.14",0.0325,0,9.92
-0.6550682783126831,1.4984241724014282,0.14,"R = 0.0325, L = 0.14",0.0325,0,9.93
-0.6550682783126831,1.4984241724014282,0.14,"R = 0.0325, L = 0.14",0.0325,0,9.94
-0.6550682783126831,1.4984241724014282,0.14,"R = 0.0325, L = 0.14",0.0325,0,9.950000000000001
-0.6550682783126831,1.4984241724014282,0.14,"R = 0.0325, L = 0.14",0.0325,0,9.96
-0.6550682783126831,1.4984241724014282,0.14,"R = 0.0325, L = 0.14",0.0325,0,9.97
-0.6550682783126831,1.4984241724014282,0.14,"R = 0.0325, L = 0.14",0.0325,0,9.98
